,ACES4,AMBV4,ARCZ6,BBDC4,BBAS3,BRTP4,CMET4,CMIG4,CPLE6,CRTP5,ELET3,ELET6,ELPL4,EMBR3,EMBR4,EBTP3,EBTP4,GGBR4,ITSA4,ITUB4,PETR3,PETR4,SBSP3,CSNA3,CSTB4,CRUZ3,VCPA4,TCOC4,TNLP3,TNLP4,TMAR5,TMCP4,VIVT3,TSPP4,TCSL4,USIM5,VALE3,VALE5
2003-06-30,13.01,7.68,4.84,1.025,1.8652961254119875,15.62,0.52,2358.0927734375,0.364,28.75,4.244423389434815,3.838,5.28,8.84714412689209,13.28,2.62,2.47,1.9639527797698972,0.6044721603393555,1.9247829914093015,3.1444451808929443,2.3216805458068848,2.3734734058380127,1.987739443778992,40.37,2.54,17.08,14.02,14.46,16.69,20.58,24.63,7.697795391082764,9.27,2.09,2.168020009994507,3.4149880409240723,4.34
2003-07-01,13.1,7.81,4.88,1.073,1.9237191677093504,15.85,0.53,2452.058349609375,0.389,29.27,4.493465423583984,4.085,5.61,8.804813385009766,13.38,2.72,2.54,1.961567997932434,0.6232776045799255,1.922559142112732,3.178377151489258,2.328052759170532,2.5347113609313965,1.9727776050567627,42.77,2.47,17.19,14.42,14.77,17.13,21.05,25.8,7.68162202835083,9.61,2.13,2.1432886123657227,3.455643892288208,4.39
2003-07-02,12.85,7.84,4.94,1.073,1.9279946088790891,15.79,0.53,2496.803955078125,0.398,28.84,4.54069709777832,4.238,5.67,8.931806564331055,13.35,2.69,2.52,1.9025232791900637,0.6259642839431763,1.959536075592041,3.1891233921051025,2.367203950881958,2.603666305541992,1.974915027618408,42.48,2.43,17.49,14.32,14.75,17.09,20.99,25.47,7.63311243057251,9.6,2.14,2.1597766876220703,3.4597082138061523,4.41
2003-07-03,12.74,7.81,4.95,1.059,1.93939471244812,15.34,0.55,2468.166748046875,0.389,28.75,4.420470237731934,4.102,5.69,8.872541427612305,13.03,2.63,2.41,1.9233980178833008,0.6259642839431763,1.919427514076233,3.198171615600586,2.354001760482788,2.5347113609313965,1.9514042139053345,41.93,2.42,17.8,14.37,14.39,16.63,20.61,24.55,7.503734111785889,9.52,2.14,2.1581273078918457,3.525162935256958,4.48
2003-07-04,12.74,7.92,5.06,1.073,1.966469407081604,15.4,0.55,2523.651123046875,0.394,28.75,4.508493423461914,4.162,5.53,8.84714412689209,12.71,2.65,2.45,1.968127965927124,0.615218460559845,1.934683918952942,3.277348279953003,2.412726402282715,2.4750897884368896,1.99415123462677,42.01,2.48,18.64,14.64,14.38,16.63,20.5,24.89,7.442281723022461,9.75,2.17,2.1993446350097656,3.5735414028167725,4.54
2003-07-07,12.47,7.91,5.19,1.059,1.952219843864441,15.93,0.55,2505.753173828125,0.389,28.79,4.46126127243042,4.238,5.43,9.312783241271973,13.51,2.72,2.47,2.0307507514953613,0.6071587800979614,1.904374957084656,3.3084540367126465,2.458249807357788,2.426355123519897,2.017661571502685,43.28,2.54,18.79,14.56,14.47,17.0,20.52,24.63,7.374362468719482,9.6,2.1,2.3147528171539307,3.630864381790161,4.65
2003-07-08,12.66,7.94,5.15,1.073,2.0077929496765137,16.28,0.56,2568.397705078125,0.405,28.46,4.665217876434326,4.366,5.67,9.820754051208496,13.79,2.76,2.52,2.039696216583252,0.6286508440971375,1.9347835779190063,3.3763201236724854,2.494668245315552,2.454092264175415,2.0796446800231934,44.11,2.57,19.33,14.62,14.5,16.94,20.5,24.89,7.4067063331604,9.77,2.1,2.3576180934906006,3.6873743534088135,4.64
2003-07-10,12.47,7.92,5.11,1.073,2.014918088912964,15.95,0.57,2502.174072265625,0.412,28.84,4.583635330200195,4.255,5.54,9.736089706420898,13.93,2.76,2.47,2.081444263458252,0.6179048418998718,1.904374957084656,3.36500883102417,2.5083250999450684,2.3929150104522705,2.1095685958862305,44.51,2.55,19.11,14.62,14.14,16.48,20.41,23.79,7.280564785003662,9.71,2.09,2.4318089485168457,3.75933289527893,4.73
2003-07-11,12.13,7.94,5.15,1.066,1.9949681758880613,15.79,0.57,2473.537353515625,0.397,28.84,4.465555667877197,4.136,5.28,9.659897804260254,13.95,2.67,2.4,2.074216842651367,0.6098452210426331,1.9053854942321775,3.33107590675354,2.469630718231201,2.396285057067871,2.071095466613769,45.31,2.49,19.19,14.5,14.05,16.05,20.74,23.88,7.2773284912109375,9.55,2.09,2.522486686706543,3.703635454177856,4.67
2003-07-14,12.47,7.96,5.15,1.093,1.9735935926437376,15.98,0.57,2484.27490234375,0.4,29.17,4.508493423461914,4.187,5.49,9.736089706420898,14.04,2.72,2.48,2.077831029891968,0.6313376426696777,1.9599405527114868,3.36500883102417,2.5037732124328613,2.442427396774292,2.064684629440308,44.92,2.45,19.57,14.62,14.6,16.87,21.69,24.21,7.342015743255615,9.68,2.09,2.5538113117218018,3.658917427062988,4.67
2003-07-15,12.47,8.0,5.17,1.079,2.023467779159546,15.69,0.57,2474.431396484375,0.391,29.14,4.572900772094727,4.136,5.44,9.439778327941896,13.65,2.7,2.51,2.0194103717803955,0.6393968462944031,1.980145812034607,3.421563148498535,2.5538482666015625,2.456425428390503,2.036898374557495,43.71,2.41,19.64,14.56,14.75,17.05,22.63,24.55,7.35819149017334,9.66,2.09,2.604921817779541,3.691440343856812,4.69
2003-07-16,12.85,7.83,5.13,1.073,1.966469407081604,15.57,0.57,2461.00732421875,0.381,29.1,4.54069709777832,4.102,5.54,9.482110977172852,13.7,2.69,2.47,2.0085697174072266,0.6340242028236389,1.9781241416931152,3.4209976196289062,2.5461089611053467,2.4654979705810547,2.000563621520996,43.96,2.39,19.47,14.5,14.47,16.58,21.79,24.29,7.293498992919922,9.66,2.09,2.505999565124512,3.671112775802612,4.66
2003-07-17,12.66,7.75,5.17,1.093,2.023467779159546,15.63,0.57,2478.90576171875,0.383,29.7,4.658776760101318,4.187,5.61,9.270450592041016,13.39,2.76,2.56,2.0447068214416504,0.6393968462944031,1.9829740524291992,3.40968656539917,2.5492966175079346,2.4999754428863525,2.036898374557495,44.08,2.38,19.26,14.67,14.6,16.81,21.69,24.89,7.374362468719482,9.71,2.08,2.468080282211304,3.7117679119110103,4.7
2003-07-18,12.66,7.79,5.27,1.107,2.051967144012451,15.85,0.56,2487.855224609375,0.38,30.53,4.755387306213379,4.179,5.68,9.651429176330566,13.79,2.92,2.7,2.029649019241333,0.6393968462944031,1.980145812034607,3.4611520767211914,2.5948197841644287,2.5116405487060547,2.0604088306427,44.11,2.4,19.27,14.5,15.22,17.09,21.62,25.13,7.390534400939941,9.66,2.08,2.5735960006713867,3.731687307357788,4.7
2003-07-21,12.55,7.94,5.38,1.073,2.034867763519287,15.66,0.57,2447.584228515625,0.371,30.54,4.686686038970947,4.162,5.5,9.482110977172852,13.47,2.84,2.64,2.011582136154175,0.6393968462944031,1.995198130607605,3.463979482650757,2.608475923538208,2.603666305541992,2.1117053031921387,44.34,2.37,19.45,14.18,14.93,16.9,21.57,24.89,7.536079883575439,9.48,2.06,2.621408462524414,3.699571132659912,4.7
2003-07-22,12.39,7.94,5.46,1.1,2.0448427200317383,15.69,0.57,2468.166748046875,0.383,31.32,4.787590026855469,4.298,5.54,9.355117797851562,13.68,2.89,2.69,2.0236263275146484,0.6501432061195374,2.015505313873291,3.483208656311035,2.6221327781677246,2.6498076915740967,2.1373538970947266,46.11,2.37,19.69,14.5,15.25,17.25,21.59,25.8,7.519902229309082,9.66,2.02,2.637895107269287,3.695911645889282,4.7
2003-07-23,12.3,7.94,5.62,1.141,2.032017707824707,15.62,0.57,2519.176513671875,0.376,31.51,4.723183155059815,4.281,5.53,9.253517150878906,13.55,2.82,2.63,2.0447068214416504,0.6555161476135254,2.0912764072418213,3.4577579498291016,2.608475923538208,2.6498076915740967,2.1010191440582275,45.81,2.38,20.04,14.59,14.92,16.85,21.47,26.22,7.439043998718262,9.71,2.02,2.593380689620972,3.713800191879273,4.71
2003-07-24,12.39,7.85,5.46,1.148,2.032017707824707,15.48,0.57,2505.753173828125,0.373,31.56,4.8090596199035645,4.315,5.41,9.270450592041016,13.66,2.82,2.64,2.029649019241333,0.6635761260986328,2.106935977935791,3.404597520828247,2.562952756881714,2.6269962787628174,2.1373538970947266,46.12,2.46,20.2,14.5,14.48,16.55,21.42,26.22,7.439043998718262,9.52,2.06,2.5966784954071045,3.801208019256592,4.84
2003-07-25,12.21,7.87,5.84,1.148,2.0662176609039307,15.22,0.58,2505.753173828125,0.379,31.31,4.701714515686035,4.264,5.31,9.253517150878906,13.5,2.84,2.64,2.074216842651367,0.6770086288452148,2.161895275115967,3.3819751739501958,2.5447440147399902,2.603666305541992,2.1651391983032227,47.21,2.49,20.82,14.2,14.37,16.54,20.91,25.8,7.316143035888672,9.35,2.06,2.621408462524414,3.955694913864136,4.95
2003-07-28,11.94,7.87,5.92,1.162,2.0377182960510254,14.72,0.58,2455.63818359375,0.366,30.79,4.572900772094727,4.162,5.45,9.08419418334961,13.35,2.76,2.56,2.1055352687835693,0.6770086288452148,2.1619961261749268,3.404597520828247,2.572057247161865,2.6150717735290527,2.1950628757476807,46.61,2.59,20.98,13.89,14.21,16.33,20.71,25.22,7.2773284912109375,9.13,2.03,2.580190420150757,3.99634861946106,4.98
2003-07-29,12.04,7.75,6.02,1.162,2.0077929496765137,14.72,0.6,2461.00732421875,0.356,31.13,4.414029598236084,4.085,5.26,8.889472961425781,12.81,2.72,2.52,2.086864709854126,0.6608898043632507,2.126636266708374,3.455496311187744,2.585713624954224,2.605998516082764,2.229259729385376,46.12,2.53,21.52,13.89,14.69,16.8,20.7,25.47,7.439043998718262,9.13,1.96,2.522486686706543,4.024401664733887,5.02
2003-07-30,11.77,7.87,5.98,1.141,1.980718731880188,14.72,0.6,2407.31298828125,0.352,31.26,4.27233362197876,3.941,5.12,8.931806564331055,12.98,2.76,2.56,2.029649019241333,0.6582028269767761,2.0912764072418213,3.444185972213745,2.563408613204956,2.603666305541992,2.2228479385375977,45.69,2.47,21.36,13.2,14.22,16.36,20.64,24.97,7.371125221252441,8.8,1.92,2.517540693283081,4.106117248535156,5.12
2003-07-31,11.68,7.84,6.02,1.168,2.023467779159546,14.51,0.61,2429.685791015625,0.356,31.33,4.186457633972168,3.906,5.12,8.931806564331055,13.43,2.71,2.54,2.035069704055786,0.6716355681419373,2.151893138885498,3.4328744411468506,2.56978178024292,2.6153314113616943,2.308342218399048,44.32,2.47,21.3,13.2,14.58,16.55,20.74,24.81,7.309670925140381,8.73,1.95,2.505999565124512,4.183361053466797,5.22
2003-08-01,11.51,7.65,6.17,1.141,1.980718731880188,13.85,0.61,2378.67578125,0.345,30.88,4.068378448486328,3.796,4.95,8.635488510131836,13.05,2.53,2.37,2.029649019241333,0.6608898043632507,2.1539132595062256,3.251899003982544,2.451876640319824,2.4079504013061523,2.2933802604675293,44.5,2.42,21.3,12.69,13.8,15.94,20.3,24.14,7.115612030029297,8.29,1.85,2.407078266143799,4.219949245452881,5.26
2003-08-04,11.15,7.45,6.15,1.093,1.980718731880188,13.58,0.62,23267.70703125,0.339,30.53,3.971767425537109,3.753,4.93,8.720152854919434,12.96,2.46,2.28,2.014592409133911,0.6393968462944031,2.0862247943878174,3.2405877113342285,2.4400405883789062,2.31799864768982,2.207886219024658,44.55,2.41,21.52,12.61,13.67,15.82,19.98,23.79,7.274092197418213,8.18,1.84,2.351023435592652,4.236212730407715,5.2
2003-08-05,11.15,7.75,5.98,1.093,1.9921189546585083,13.82,0.62,2380.466064453125,0.353,30.88,4.0254411697387695,3.762,4.98,8.61855697631836,12.85,2.49,2.35,2.041694641113281,0.6635761260986328,2.091376781463623,3.3084540367126465,2.494668245315552,2.384619951248169,2.2228479385375977,43.76,2.43,20.85,12.66,13.82,15.85,19.96,23.46,7.183530807495117,8.6,1.84,2.388944149017334,4.089855670928955,5.17
2003-08-06,11.51,7.83,5.92,1.073,1.980718731880188,14.32,0.62,2335.72021484375,0.345,30.53,3.8107500076293945,3.592,4.74,8.677820205688477,13.07,2.36,2.23,1.9965245723724363,0.6501432061195374,2.0609664916992188,3.2688653469085693,2.4901161193847656,2.3504021167755127,2.1950628757476807,44.27,2.42,20.63,12.71,13.67,15.63,19.96,22.37,7.050922393798828,8.58,1.78,2.374105453491211,4.045134544372559,5.13
2003-08-07,12.21,7.86,5.81,1.141,2.023467779159546,14.91,0.61,2371.5166015625,0.357,30.53,4.046909332275391,3.821,4.86,8.931806564331055,13.15,2.43,2.28,2.071808099746704,0.6689494252204895,2.1114821434021,3.3932855129241943,2.5584003925323486,2.4771628379821777,2.304066896438598,44.98,2.5,20.58,13.36,14.16,16.3,20.64,22.79,7.827171325683594,8.92,1.84,2.5884339809417725,4.006106853485107,5.02
2003-08-08,11.58,7.87,5.98,1.155,2.1374661922454834,15.1,0.62,2434.16015625,0.38,29.7,4.246572017669678,3.949,4.91,8.948739051818848,13.1,2.46,2.33,2.0898759365081787,0.690441370010376,2.170581817626953,3.5046982765197754,2.631237745285034,2.438020944595337,2.274144172668457,45.87,2.52,20.54,13.26,14.39,16.34,20.38,23.46,7.503734111785889,8.72,1.85,2.5719480514526367,4.0837578773498535,5.12
2003-08-11,11.94,7.75,5.98,1.141,2.174516201019287,15.12,0.64,2459.2177734375,0.386,30.29,4.186457633972168,3.889,4.95,9.092659950256348,13.28,2.49,2.36,2.066990375518799,0.6823821067810059,2.1305763721466064,3.4922573566436768,2.640342235565185,2.4240221977233887,2.3788750171661377,45.89,2.54,20.66,13.36,14.55,16.36,20.38,23.79,7.600767135620117,8.73,1.9,2.618110418319702,4.177670478820801,5.22
2003-08-12,11.84,7.79,6.19,1.141,2.1160922050476074,15.14,0.65,2411.786865234375,0.365,30.71,4.122050285339356,3.847,4.89,8.974138259887695,13.35,2.58,2.45,2.1199896335601807,0.6796951293945312,2.116534471511841,3.520533800125122,2.651723623275757,2.4377613067626958,2.4087977409362797,48.63,2.52,21.36,13.2,14.27,16.36,20.5,23.79,7.280564785003662,8.55,1.9,2.7038424015045166,4.285403728485107,5.37
2003-08-13,12.13,7.65,6.32,1.141,2.225814819335937,14.92,0.67,2416.26171875,0.376,31.12,4.014706134796143,3.728,4.91,9.177324295043944,13.39,2.59,2.45,2.231410503387451,0.6796951293945312,2.0912764072418213,3.497912168502808,2.6471705436706543,2.5046417713165283,2.4900171756744385,48.82,2.6,22.07,13.34,14.24,16.24,20.58,24.63,7.2773284912109375,8.69,1.96,2.868710517883301,4.284997940063477,5.37
2003-08-14,12.3,7.67,6.32,1.155,2.231515645980835,14.87,0.67,2457.427734375,0.381,32.24,4.122050285339356,3.813,4.94,8.889472961425781,12.95,2.62,2.48,2.289829969406128,0.7092471718788147,2.146841764450073,3.602538824081421,2.715454578399658,2.5808539390563965,2.451545238494873,50.46,2.61,21.91,13.2,14.36,16.44,20.8,23.97,7.280564785003662,8.58,2.02,2.802763700485229,4.463471412658691,5.55
2003-08-15,12.04,7.75,6.36,1.162,2.1730916500091557,15.01,0.67,2504.85888671875,0.386,32.67,4.229395389556885,3.915,4.8,8.84714412689209,12.92,2.59,2.48,2.31572699546814,0.6877549886703491,2.150779962539673,3.524493932723999,2.6544551849365234,2.5852606296539307,2.5156655311584477,50.44,2.61,22.07,13.51,14.55,16.74,21.11,24.63,7.371125221252441,8.69,2.03,2.7615461349487305,4.5045318603515625,5.67
2003-08-18,12.3,7.83,6.34,1.168,2.2158403396606445,15.31,0.67,2551.393310546875,0.389,33.03,4.358210563659668,4.068,4.92,8.889472961425781,13.2,2.58,2.52,2.3639090061187744,0.6985006332397461,2.120068311691284,3.585571765899658,2.689507484436035,2.564523220062256,2.492154598236084,49.41,2.61,22.53,14.03,15.04,17.48,21.62,25.64,7.63311243057251,9.04,2.09,2.7351670265197754,4.553318023681641,5.72
2003-08-19,12.13,7.85,6.36,1.155,2.2030153274536133,15.38,0.67,2568.397705078125,0.398,33.89,4.433351516723633,4.051,5.0,9.10112476348877,13.0,2.54,2.47,2.3608975410461426,0.6877549886703491,2.121584892272949,3.495084524154663,2.624864101409912,2.5116405487060547,2.472918748855591,50.44,2.62,22.53,14.38,15.3,17.78,21.83,25.56,7.60399866104126,9.27,2.09,2.73846435546875,4.60250997543335,5.76
2003-08-20,12.47,7.83,6.4,1.189,2.24861478805542,15.62,0.67,2637.304931640625,0.402,34.36,4.583635330200195,4.162,5.41,9.261987686157228,13.44,2.66,2.58,2.403057098388672,0.7011879682540894,2.146841764450073,3.517706155776977,2.6244101524353027,2.5808539390563965,2.537039041519165,52.12,2.66,22.82,14.99,15.75,18.05,22.06,26.64,7.536079883575439,9.63,2.1,2.848926305770874,4.728134632110596,5.93
2003-08-21,12.74,8.09,6.42,1.216,2.222965240478516,16.23,0.68,2684.73486328125,0.38,34.59,4.626572608947754,4.196,5.47,9.185789108276367,13.4,2.66,2.61,2.439192771911621,0.7146204710006714,2.2226130962371826,3.5273208618164062,2.6426186561584477,2.577484130859375,2.693066120147705,54.69,2.64,23.3,15.56,16.0,18.34,22.24,26.9,7.762486934661865,9.99,2.14,2.984118700027466,4.6346282958984375,5.79
2003-08-22,13.01,8.11,6.38,1.223,2.230088949203491,16.04,0.68,2665.0478515625,0.365,34.78,4.583635330200195,4.162,5.61,9.143460273742676,13.55,2.63,2.56,2.512068271636963,0.7146204710006714,2.212510108947754,3.5290184020996094,2.6357898712158203,2.5922601222991943,2.727264165878296,55.35,2.63,22.98,15.82,15.77,18.13,22.29,26.06,7.76571798324585,10.13,2.14,2.9758756160736084,4.500467777252197,5.61
2003-08-25,13.1,8.01,6.21,1.209,2.2158403396606445,15.85,0.69,2631.041259765625,0.345,34.83,4.482730388641357,4.102,5.5,9.109593391418455,13.64,2.54,2.54,2.583738088607788,0.7119336724281311,2.172098398208618,3.483774423599243,2.6002821922302246,2.5875933170318604,2.7785604000091557,57.81,2.63,22.68,15.26,15.46,17.91,21.74,26.31,7.636346340179443,9.91,2.14,2.933008909225464,4.451681137084961,5.55
2003-08-26,13.45,7.91,6.29,1.237,2.24861478805542,16.27,0.7,2718.742431640625,0.364,36.22,4.64804220199585,4.238,6.0,9.355117797851562,13.71,2.68,2.67,2.7192482948303223,0.7280533909797668,2.212409257888794,3.517706155776977,2.6266860961914062,2.76438570022583,2.836268424987793,58.75,2.67,23.4,15.71,16.2,18.78,22.55,27.39,7.85951566696167,10.23,2.21,2.959388017654419,4.4362335205078125,5.52
2003-08-27,13.18,8.15,6.42,1.271,2.251464605331421,16.85,0.74,2769.752197265625,0.376,35.91,4.7339186668396,4.281,6.37,9.37204647064209,14.09,2.72,2.72,2.6801013946533203,0.7441721558570862,2.333742380142212,3.596318244934082,2.697246551513672,2.898665189743042,2.737950563430786,57.36,2.68,23.54,15.8,16.77,19.21,23.16,28.32,8.247640609741211,10.19,2.24,2.8571701049804688,4.4272894859313965,5.55
2003-08-28,12.9,8.35,6.34,1.244,2.207289934158325,16.63,0.75,2832.396240234375,0.361,36.22,4.744652271270752,4.264,6.47,9.583699226379396,14.2,2.66,2.64,2.578317642211914,0.7710380554199219,2.303433895111084,3.647781848907471,2.697246551513672,2.9494731426239014,2.7358126640319824,54.86,2.67,23.23,15.15,16.74,19.34,23.42,27.39,8.490217208862305,9.87,2.2,2.728572368621826,4.48420524597168,5.72
2003-08-29,12.66,8.66,6.62,1.237,2.194466114044189,16.58,0.76,2898.619384765625,0.365,36.8,4.723183155059815,4.298,6.49,9.947742462158203,14.92,2.64,2.6,2.672271490097046,0.760291576385498,2.2680752277374268,3.7156479358673096,2.767807006835937,3.064570188522339,2.836268424987793,54.5,2.61,24.08,15.47,17.03,19.47,23.51,27.65,8.415831565856934,9.95,2.21,2.802763700485229,4.5045318603515625,5.74
2003-09-01,12.85,9.0,6.77,1.257,2.251464605331421,16.71,0.77,2975.58154296875,0.373,36.73,4.787590026855469,4.366,6.39,9.710694313049316,14.53,2.69,2.71,2.652998924255371,0.7683517932891846,2.303433895111084,3.6653151512146,2.735940933227539,2.9956157207489014,2.836268424987793,54.97,2.68,24.46,15.44,17.04,19.85,23.74,27.06,8.765137672424316,9.99,2.2,2.852223396301269,4.593973636627197,5.87
2003-09-02,12.9,8.94,6.83,1.264,2.305612564086914,17.11,0.81,3025.697509765625,0.371,38.17,4.826236248016357,4.366,6.31,9.99007511138916,14.95,2.68,2.7,2.6951582431793213,0.7656646966934204,2.2731258869171143,3.659092903137207,2.7313883304595947,3.0370917320251465,2.821307182312012,54.27,2.76,24.72,15.71,17.42,20.1,23.79,27.65,8.894511222839355,10.16,2.24,2.918171167373657,4.553318023681641,5.79
2003-09-03,12.55,9.04,6.69,1.257,2.515085458755493,17.49,0.85,2966.63330078125,0.365,38.67,4.766121864318848,4.281,6.99,10.311792373657228,15.95,2.64,2.61,2.734304666519165,0.7790970206260681,2.333742380142212,3.7891695499420166,2.8019490242004395,2.966582059860229,2.949548721313477,55.97,2.82,24.73,15.94,17.79,20.35,23.89,28.32,9.379669189453123,10.25,2.32,3.017091751098633,4.57364559173584,5.79
2003-09-04,12.55,9.3,6.44,1.257,2.436710834503174,17.3,0.83,3018.537109375,0.365,38.34,4.8648786544799805,4.409,6.6,10.455716133117676,16.25,2.64,2.66,2.710214138031006,0.7764105796813965,2.3943607807159424,3.9141550064086914,2.886622905731201,2.937548875808716,2.953823566436768,57.52,2.87,23.37,15.94,17.5,19.89,23.94,28.66,9.221181869506836,10.19,2.39,3.017091751098633,4.593973636627197,5.82
2003-09-05,12.66,9.31,6.36,1.257,2.409636974334717,17.57,0.86,3087.44580078125,0.381,39.23,4.942167282104492,4.477,7.48,10.582704544067385,15.87,2.67,2.63,2.722259759902954,0.7790970206260681,2.4044620990753174,3.9644887447357178,2.950810432434082,3.0370917320251465,2.934587240219116,58.8,2.86,23.47,16.03,17.62,20.25,24.07,28.66,9.703102111816406,10.3,2.49,3.050065517425537,4.6346282958984375,5.94
2003-09-08,12.47,9.16,6.4,1.257,2.40108585357666,17.41,0.86,3097.290283203125,0.4,40.72,4.894935607910156,4.477,7.87,10.40492057800293,15.67,2.79,2.83,2.649986743927002,0.7710380554199219,2.3590002059936523,3.9588334560394287,2.945347309112549,2.983950614929199,2.870466470718384,58.59,2.86,23.84,17.15,17.87,20.26,24.35,29.41,9.816308975219728,11.06,2.49,2.9511446952819824,4.716343879699707,5.99
2003-09-09,12.74,8.71,6.21,1.209,2.38683819770813,16.66,0.83,3042.7001953125,0.392,40.55,4.637307167053223,4.332,8.62,10.159401893615724,15.27,2.76,2.79,2.5596466064453125,0.7495458126068115,2.2801973819732666,3.8457229137420654,2.8697781562805176,2.981616973876953,2.7208516597747803,57.7,2.84,23.23,17.09,17.57,19.92,24.25,29.24,9.50904369354248,10.95,2.39,2.8604676723480225,4.66715145111084,5.91
2003-09-10,13.01,8.79,6.19,1.237,2.436710834503174,16.59,0.79,3221.68310546875,0.402,40.55,4.916404724121094,4.613,9.12,10.15093231201172,15.1,2.84,2.86,2.6487834453582764,0.7495458126068115,2.348896741867065,3.901712894439697,2.9180328845977783,3.076234579086304,2.7080271244049072,57.11,2.95,22.68,17.22,17.98,20.06,24.35,31.0,9.541385650634766,11.03,2.41,2.842332124710083,4.602105140686035,5.84
2003-09-11,12.85,8.83,6.23,1.264,2.422461748123169,16.95,0.79,3311.173583984375,0.417,40.47,5.1632981300354,4.877,8.79,10.07473850250244,15.28,2.92,2.95,2.7939293384552,0.7629783749580383,2.374152898788452,3.885313510894776,2.913481950759888,3.1568539142608643,2.7977957725524902,57.61,2.9,22.8,17.85,18.58,20.54,25.02,31.5,9.54462432861328,11.35,2.46,2.843980312347412,4.6346282958984375,5.88
2003-09-12,12.74,8.78,6.44,1.244,2.470911026000977,16.49,0.78,3355.9189453125,0.419,40.3,5.515391826629639,5.09,8.68,10.09167194366455,15.27,3.01,3.05,2.8005542755126958,0.7361127138137817,2.3236396312713623,3.891534090042114,2.9271390438079834,3.134559869766236,2.930311679840088,57.96,2.88,23.52,18.05,18.69,20.55,25.39,31.84,9.67076301574707,11.27,2.52,2.985767602920532,4.67528247833252,5.98
2003-09-15,12.55,8.58,6.59,1.216,2.422461748123169,15.85,0.79,3354.13037109375,0.431,40.3,5.77516508102417,5.243,8.28,9.896949768066406,14.64,3.05,3.11,2.728281259536743,0.7414860129356384,2.26302433013916,3.7891695499420166,2.863406181335449,3.0718274116516118,2.8063459396362305,57.53,2.84,23.93,18.14,18.91,20.95,25.09,33.09,9.864824295043944,11.37,2.52,2.942900896072388,4.541528224945068,5.8
2003-09-16,12.47,8.58,6.74,1.209,2.4295876026153564,15.43,0.8,3355.0244140625,0.439,39.88,5.667819976806641,5.192,8.28,9.90541172027588,14.82,3.0,3.07,2.710214138031006,0.7361127138137817,2.2589828968048096,3.8033082485198975,2.879338026046753,3.1337833404541016,2.836268424987793,58.49,2.97,24.1,18.26,18.42,20.49,24.45,33.09,10.091229438781738,11.35,2.46,2.9923617839813232,4.67528247833252,5.82
2003-09-17,12.47,8.47,6.83,1.216,2.4580864906311035,16.11,0.85,3342.495361328125,0.443,39.87,6.011324882507324,5.285,8.75,10.023938179016112,15.08,3.02,3.18,2.7192482948303223,0.7253662347793579,2.26302433013916,3.783514022827149,2.867957592010498,3.1107120513916016,2.911076068878174,59.19,2.93,24.62,18.46,18.53,20.85,25.24,33.93,10.084763526916504,11.59,2.49,3.0088486671447754,4.696015357971191,5.84
2003-09-18,12.47,8.69,6.89,1.209,2.431011915206909,16.89,0.87,3320.121826171875,0.433,41.58,5.721492767333984,5.158,8.51,9.99007511138916,15.22,3.09,3.28,2.7403271198272705,0.7361127138137817,2.252922296524048,3.7778587341308594,2.872510433197021,3.04149866104126,3.020080804824829,60.86,2.94,24.93,19.63,19.78,21.98,26.59,36.04,10.398494720458984,12.48,2.6,3.050065517425537,4.817573070526123,6.0
2003-09-19,12.3,8.65,6.85,1.196,2.391113042831421,16.56,0.87,3329.072998046875,0.424,41.15,5.603413105010986,5.158,8.35,10.07473850250244,15.46,3.11,3.33,2.770442247390747,0.7414860129356384,2.252922296524048,3.760892391204834,2.858852863311768,2.983950614929199,2.96878433227539,59.65,2.94,24.84,19.7,19.78,21.88,26.14,34.27,10.091229438781738,12.22,2.53,3.0995261669158936,4.837899684906006,6.14
2003-09-22,11.94,8.53,6.83,1.189,2.40108585357666,15.93,0.86,3266.427978515625,0.415,40.55,5.388722896575928,4.877,8.13,9.99007511138916,15.08,2.96,3.14,2.713226556777954,0.7280533909797668,2.2579715251922607,3.704337596893311,2.8083224296569824,2.954139471054077,2.934587240219116,57.59,2.98,24.86,19.27,19.06,21.17,25.62,34.11,9.897164344787598,11.9,2.46,3.0088486671447754,4.857007026672363,6.12
2003-09-23,11.94,8.46,6.69,1.182,2.3725881576538086,16.15,0.85,3194.834716796875,0.422,39.87,5.335050582885742,4.877,8.42,9.90541172027588,14.97,3.01,3.2,2.6981685161590576,0.7334261536598206,2.2377662658691406,3.659092903137207,2.765531539916992,2.942473888397217,2.898252010345459,58.18,2.9,24.24,19.27,19.73,21.3,25.62,32.93,9.703102111816406,11.92,2.46,3.00060510635376,4.777325630187988,5.98
2003-09-24,11.94,8.25,6.52,1.155,2.3227131366729736,15.81,0.84,3133.086181640625,0.417,38.59,5.251321792602539,4.783,8.31,9.820754051208496,14.87,2.92,3.12,2.578317642211914,0.7253662347793579,2.192303419113159,3.7099928855896,2.791023969650269,2.9264028072357178,2.8106205463409424,57.17,2.82,23.54,18.65,19.01,20.39,24.61,32.09,9.82924461364746,11.46,2.38,2.916522741317749,4.776918888092041,5.94
2003-09-25,11.58,8.05,6.52,1.148,2.336963891983032,15.74,0.85,3056.1240234375,0.405,38.51,5.109626770019531,4.647,7.91,9.820754051208496,15.12,2.97,3.12,2.457260847091675,0.695814847946167,2.1316864490509038,3.676060914993286,2.742769241333008,2.9056642055511475,2.733675241470337,56.46,2.76,23.07,17.94,18.49,20.18,23.98,31.17,9.913338661193848,11.08,2.35,2.875305652618408,4.684226036071777,5.88
2003-09-26,11.51,8.28,6.44,1.141,2.210141181945801,15.81,0.87,3056.1240234375,0.402,37.75,5.126801013946533,4.715,8.11,9.719157218933104,15.08,3.01,3.26,2.4090793132781982,0.6985006332397461,2.121584892272949,3.681715965270996,2.747321844100952,2.9147372245788574,2.755048990249634,55.95,2.71,22.85,18.14,18.07,19.97,24.87,30.33,9.800132751464844,10.97,2.32,2.896738290786743,4.635847091674805,5.82
2003-09-29,11.68,8.42,6.52,1.141,2.301339864730835,16.27,0.87,3079.390869140625,0.411,39.36,5.259909152984619,4.749,8.07,9.947742462158203,15.08,3.08,3.34,2.4060676097869877,0.6931279301643372,2.126636266708374,3.732614278793335,2.776912212371826,2.9147372245788574,2.866191864013672,56.23,2.77,23.18,18.22,18.76,20.45,26.14,31.17,10.15914821624756,11.18,2.35,3.017091751098633,4.797245979309082,6.04
2003-09-30,11.58,8.41,6.42,1.121,2.2799644470214844,16.23,0.87,3074.02197265625,0.4,39.45,5.195501327514648,4.715,8.15,9.651429176330566,14.79,2.97,3.23,2.4602713584899902,0.690441370010376,2.1013786792755127,3.724131345748901,2.7609784603118896,2.901775360107422,2.9409992694854736,56.64,2.74,23.69,17.85,18.58,20.49,26.3,31.0,10.091229438781738,11.1,2.34,3.2149345874786377,4.756997585296631,5.91
2003-10-01,12.13,8.64,6.54,1.189,2.3440890312194824,17.02,0.9,3284.326416015625,0.419,40.89,5.369400501251221,4.877,8.38,10.032405853271484,15.52,3.01,3.26,2.618669986724853,0.7146204710006714,2.192303419113159,3.797652959823608,2.8451972007751465,2.9061830043792725,3.035041570663452,58.49,2.81,24.24,18.84,19.08,21.0,27.17,33.35,10.346742630004885,11.74,2.46,3.388046264648437,4.965961456298828,6.16
2003-10-02,11.94,8.74,6.59,1.189,2.3583383560180664,17.2,0.94,3355.0244140625,0.426,42.42,5.592678070068359,5.064,8.25,9.947742462158203,15.16,2.92,3.29,2.672271490097046,0.7226801514625549,2.2226130962371826,3.9644887447357178,2.943525552749634,2.9494731426239014,3.0927510261535645,58.25,2.9,24.08,18.9,19.31,21.13,27.69,34.69,10.60872745513916,11.85,2.63,3.430912494659424,5.155007362365723,6.38
2003-10-03,12.04,8.56,6.69,1.196,2.4580864906311035,17.2,0.95,3400.66455078125,0.433,42.42,5.689289569854736,5.09,7.83,10.07473850250244,15.37,2.92,3.34,2.710214138031006,0.7441721558570862,2.2731258869171143,4.023871421813965,2.9954230785369877,2.9494731426239014,3.1910691261291504,59.19,3.0,23.93,19.03,19.03,21.28,27.77,34.95,9.92951202392578,11.88,2.82,3.51169753074646,5.264774322509766,6.56
2003-10-06,11.84,8.84,6.64,1.182,2.5079591274261475,17.06,0.95,3499.105712890625,0.433,42.12,5.989855766296387,5.192,7.92,10.159401893615724,15.49,2.96,3.37,2.6704635620117188,0.7468585968017578,2.242818117141724,4.0430989265441895,3.013631582260132,3.03009295463562,3.297936201095581,62.52,3.01,23.55,19.49,19.34,21.2,27.5,36.19,9.897164344787598,12.24,2.91,3.7919750213623047,5.346083641052246,6.66
2003-10-07,11.68,8.79,6.64,1.196,2.4523861408233643,16.49,0.95,3480.3115234375,0.429,42.17,6.2646589279174805,5.464,7.86,10.836691856384276,16.88,3.06,3.55,2.65902042388916,0.7576049566268921,2.303433895111084,3.9871106147766113,3.0045268535614014,3.0093541145324707,3.3919808864593506,66.53,2.99,23.23,19.79,18.93,21.02,26.85,34.69,9.958620071411133,12.54,2.95,4.090385437011719,5.345677375793457,6.61
2003-10-08,11.77,8.85,6.77,1.209,2.4680604934692383,16.78,0.96,3700.460205078125,0.428,44.1,6.687597751617432,5.975,7.92,10.438782691955566,16.56,3.2,3.77,2.697566032409668,0.760291576385498,2.3135361671447754,4.054975509643555,3.0318408012390137,3.018428087234497,3.404804944992065,65.16,3.02,23.7,21.07,19.36,21.52,26.76,35.27,9.958620071411133,13.22,2.89,3.9238688945770255,5.203792095184326,6.43
2003-10-09,11.42,8.8,6.77,1.189,2.479461908340454,17.06,0.92,3624.3935546875,0.443,43.43,6.644660472869873,5.941,7.84,10.269461631774902,16.56,3.26,3.83,2.6234872341156006,0.7549188137054443,2.288280963897705,4.071377754211426,3.0295658111572266,3.0140209197998047,3.3064863681793213,64.34,3.02,24.08,20.44,19.62,21.71,27.1,34.69,9.703102111816406,12.73,2.73,3.706242561340332,5.203792095184326,6.4
2003-10-10,11.42,8.73,6.62,1.168,2.4652111530303955,17.03,0.92,3601.125,0.439,43.27,6.631779670715332,5.864,8.13,10.286388397216797,16.52,3.31,3.91,2.649986743927002,0.7468585968017578,2.2579715251922607,4.043666839599609,3.0277440547943115,3.064570188522339,3.255189895629883,63.98,3.02,24.08,20.06,19.62,21.74,27.32,35.44,9.861590385437012,12.52,2.82,3.676566362380981,5.125329494476318,6.32
2003-10-13,11.94,8.87,6.85,1.189,2.4937119483947754,17.03,0.95,3659.29443359375,0.441,44.45,7.065454006195068,6.06,7.92,10.244060516357422,16.62,3.48,4.08,2.7252705097198486,0.7414860129356384,2.303433895111084,4.151119709014893,3.10877537727356,3.175259828567505,3.3171732425689697,65.16,3.14,24.54,20.71,19.89,21.97,27.54,36.11,9.91657257080078,12.93,2.8,3.841434001922608,5.447719097137451,6.54
2003-10-14,12.21,8.81,6.66,1.196,2.4937119483947754,16.35,0.97,3579.64794921875,0.449,44.07,7.344551086425781,6.443,7.94,10.591174125671388,17.24,3.57,4.21,2.722834587097168,0.7576049566268921,2.303433895111084,4.073074817657471,3.052326440811157,3.1799261569976807,3.308623790740967,65.23,3.21,23.84,20.88,20.27,22.07,28.54,35.27,9.97802448272705,13.02,2.88,3.8134069442749023,5.427392959594727,6.62
2003-10-15,12.04,8.68,6.54,1.168,2.497986316680908,16.23,0.96,3494.630126953125,0.457,43.6,6.762740612030029,6.222,7.73,10.836691856384276,18.52,3.55,4.17,2.682631492614746,0.7495458126068115,2.255950689315796,3.9893736839294434,2.969019889831543,3.1026763916015625,3.287250280380249,64.33,3.17,24.09,20.8,19.56,21.63,29.12,35.2,9.826011657714844,12.7,2.8,3.627105951309204,5.421294212341309,6.59
2003-10-16,11.77,8.64,6.66,1.196,2.529335021972656,16.27,0.98,3414.087646484375,0.444,43.29,7.084775924682617,6.111,7.93,11.183804512023926,18.23,3.66,4.29,2.6984689235687256,0.7656646966934204,2.313436985015869,3.9588334560394287,2.984497308731079,2.9678783416748047,3.349233388900757,64.04,3.07,24.46,20.42,19.89,21.45,29.88,35.35,9.82924461364746,12.75,2.78,3.7919750213623047,5.366412162780762,6.66
2003-10-17,11.68,8.5,6.64,1.175,2.536459922790528,16.07,0.98,3390.821044921875,0.441,44.03,6.913023948669434,6.111,7.92,11.03987979888916,17.68,3.57,4.2,2.7106523513793945,0.7629783749580383,2.343846321105957,3.9588334560394287,2.940795421600342,2.9608798027038574,3.404804944992065,63.51,3.04,24.43,19.79,19.97,21.19,29.64,35.27,9.57372760772705,12.47,2.78,3.899138450622559,5.370475769042969,6.69
2003-10-20,11.84,8.56,6.59,1.216,2.606283903121948,16.31,0.98,3655.714599609375,0.452,45.3,7.857660293579102,6.979,7.93,11.30233383178711,17.94,3.67,4.35,2.7411084175109863,0.7737240195274353,2.3590002059936523,3.9560046195983887,2.944891929626465,2.949733018875122,3.426177740097046,64.41,3.18,24.48,20.97,21.06,21.88,31.24,36.45,9.92304229736328,12.9,2.92,4.064006805419922,5.3257551193237305,6.71
2003-10-21,12.13,8.65,6.45,1.216,2.671833038330078,16.28,0.96,3768.47509765625,0.46,45.38,7.720258235931396,6.724,8.34,11.226134300231934,17.78,3.62,4.34,2.71126127243042,0.7844706177711487,2.374152898788452,3.936212062835693,2.9467129707336426,3.064570188522339,3.389843463897705,66.19,3.11,24.08,21.07,20.98,21.98,32.15,36.45,9.848654747009276,13.02,3.0,4.195901393890381,5.29364013671875,6.65
2003-10-22,12.13,8.71,6.52,1.189,2.671833038330078,16.12,0.91,3812.32568359375,0.466,44.29,7.685909271240234,6.783,8.23,11.192273139953612,17.77,3.54,4.32,2.686286687850952,0.7683517932891846,2.343846321105957,3.857035398483277,2.899824857711792,3.0969722270965576,3.404804944992065,65.75,3.02,24.4,20.28,20.19,21.45,31.58,36.28,9.748384475708008,12.7,2.92,4.159629821777344,5.163138389587402,6.5
2003-10-23,11.84,8.64,6.38,1.148,2.706033229827881,15.61,0.9,3660.189208984375,0.447,43.17,7.685909271240234,6.537,7.92,10.870558738708496,17.72,3.34,4.08,2.625372171401977,0.7576049566268921,2.2731258869171143,3.806135892868042,2.8543014526367188,2.993283271789551,3.291525363922119,63.86,2.95,23.32,19.36,19.41,20.77,30.36,35.35,9.476696014404297,12.07,2.8,4.02278995513916,5.087925910949707,6.41
2003-10-24,12.13,8.71,6.38,1.189,2.750205993652344,15.62,0.9,3588.59619140625,0.452,43.43,7.310200214385986,6.409,7.98,10.921357154846191,18.03,3.31,3.99,2.625372171401977,0.7710380554199219,2.333742380142212,3.851379632949829,2.892996311187744,2.9621756076812744,3.2851130962371826,64.22,2.95,23.77,20.26,19.73,20.86,30.56,35.44,9.622249603271484,12.64,2.84,4.064006805419922,5.041579246520996,6.36
2003-10-27,11.94,8.73,6.34,1.168,2.74308180809021,15.48,0.9,3606.4951171875,0.446,42.89,7.155622005462647,6.29,7.92,11.158407211303713,18.09,3.14,3.74,2.630854845046997,0.7656646966934204,2.3740546703338623,3.855903387069702,2.9089276790618896,2.8893325328826904,3.291525363922119,66.67,2.99,23.84,20.12,19.44,20.75,30.6,35.11,9.703102111816406,12.62,2.81,4.121711730957031,5.053369998931885,6.4
2003-10-28,12.04,8.83,6.36,1.182,2.7644567489624023,15.81,0.9,3709.41015625,0.462,44.37,7.47336483001709,6.511,7.83,11.488588333129885,18.34,3.54,4.17,2.626591444015503,0.7764105796813965,2.40345311164856,3.9135897159576416,2.9521756172180176,2.9264028072357178,3.349233388900757,64.96,2.97,23.93,21.31,19.56,21.28,31.76,35.35,9.9553861618042,13.45,2.84,4.121711730957031,5.103782176971436,6.37
2003-10-29,11.84,8.6,6.38,1.155,2.7074573040008545,15.62,0.87,3660.189208984375,0.454,43.85,7.241499423980713,6.324,7.77,11.353127479553224,18.36,3.41,4.12,2.5930891036987305,0.7656646966934204,2.328693151473999,3.875697374343872,2.9271390438079834,2.9033305644989014,3.27656364440918,63.41,2.94,23.85,20.8,18.93,20.79,30.95,36.36,10.058883666992188,13.16,2.8,3.9172754287719727,5.183870792388916,6.34
2003-10-30,11.77,8.49,6.52,1.168,2.7644567489624023,15.62,0.9,3755.945068359375,0.464,44.52,7.417546272277832,6.528,7.93,11.26846694946289,18.38,3.43,4.15,2.5833425521850586,0.7683517932891846,2.3387951850891118,3.8457229137420654,2.891174077987671,2.9264028072357178,3.3706068992614746,63.22,2.94,24.12,21.07,19.29,20.75,31.93,37.03,10.075055122375488,13.57,2.89,3.874408006668091,5.3550286293029785,6.63
2003-10-31,11.58,8.36,6.54,1.182,2.678959369659424,15.43,0.9,3801.585693359375,0.47,44.52,7.696640968322754,6.579,8.08,11.260002136230469,18.33,3.28,4.03,2.5425307750701904,0.7737240195274353,2.374152898788452,3.800479650497437,2.867957592010498,2.951547145843506,3.362057685852051,62.85,2.86,24.24,21.2,19.4,20.57,31.65,38.04,10.15591812133789,13.45,2.93,3.782081365585327,5.285102367401123,6.58
2003-11-03,11.77,8.46,6.54,1.196,2.7644567489624023,15.99,0.91,3937.612060546875,0.483,45.55,8.093819618225098,6.903,8.49,11.17534065246582,18.38,3.38,4.22,2.601008415222168,0.7871567606925964,2.444873571395874,3.896057605743408,2.9544517993927,3.0689759254455566,3.443277359008789,65.6,2.95,24.54,22.0,19.78,21.2,32.03,39.63,9.965089797973633,14.08,3.07,4.004654884338379,5.326162338256836,6.52
2003-11-04,11.77,8.6,6.34,1.162,2.7573320865631104,16.06,0.92,3927.767333984375,0.504,45.38,8.22263240814209,6.937,8.62,11.260002136230469,18.56,3.37,4.22,2.60588002204895,0.7925299406051636,2.452957391738892,3.874002456665039,2.942615509033203,3.04149866104126,3.4902989864349365,66.08,2.98,23.97,21.57,19.6,20.99,32.03,40.64,10.15591812133789,13.83,3.15,3.956841468811035,5.374541759490967,6.65
2003-11-05,11.58,8.33,6.38,1.168,2.74308180809021,15.62,0.9,3816.799072265625,0.512,45.68,8.17110824584961,6.843,8.46,11.17534065246582,18.33,3.33,4.08,2.649738311767578,0.7952171564102173,2.399410963058472,3.814619541168213,2.8747870922088623,2.996134042739868,3.362057685852051,64.22,3.04,23.48,21.46,19.19,20.53,30.95,41.64,10.204435348510742,14.04,3.22,3.8628671169281006,5.272905349731445,6.44
2003-11-06,11.68,8.19,6.26,1.162,2.814330101013184,15.69,0.88,3830.2236328125,0.5,45.45,8.712127685546875,7.184,8.82,11.429325103759766,18.66,3.33,4.19,2.704561471939087,0.7871567606925964,2.3792061805725098,3.9277288913726807,2.9681081771850586,3.0326850414276123,3.304348945617676,63.5,2.99,23.4,22.29,19.03,20.75,30.87,44.32,10.349982261657717,14.52,3.29,3.810109615325928,5.134679317474365,6.4
2003-11-07,11.68,8.43,6.38,1.189,2.785831928253174,16.04,0.89,3772.053466796875,0.508,46.07,8.866703987121582,7.141,9.46,11.666377067565918,18.99,3.26,4.13,2.6503472328186035,0.7844706177711487,2.3842570781707764,3.949785470962525,2.972660779953003,3.033980369567871,3.265876293182373,64.26,3.02,23.29,22.22,18.51,20.59,30.57,44.5,10.25294589996338,14.43,3.39,3.795269966125488,5.081828594207764,6.37
2003-11-10,11.68,8.55,6.21,1.182,2.8114795684814453,15.57,0.88,3758.630615234375,0.505,45.81,8.90964126586914,7.098,9.64,11.801838874816896,19.29,3.2,4.08,2.564459800720215,0.7683517932891846,2.343846321105957,3.919246673583984,2.9417052268981934,3.018428087234497,3.21671724319458,64.11,3.02,23.47,22.36,17.85,20.01,29.83,44.15,10.058883666992188,14.62,3.4,3.7919750213623047,4.939537525177002,6.28
2003-11-11,11.51,8.62,6.19,1.168,2.785831928253174,15.16,0.88,3757.73388671875,0.494,45.55,9.019132614135742,7.081,9.23,11.767972946166992,19.34,3.13,4.04,2.570551633834839,0.7737240195274353,2.3842570781707764,3.930554389953613,2.979489803314209,2.9956157207489014,3.3193106651306152,64.48,3.04,22.98,22.22,17.48,19.48,28.62,41.81,9.932746887207031,14.64,3.28,3.900786876678467,4.9761271476745605,6.28
2003-11-12,11.51,8.85,6.29,1.209,2.827155590057373,15.69,0.9,3757.73388671875,0.51,46.08,9.193032264709473,7.022,9.48,12.005023956298828,19.8,3.3,4.24,2.563848733901977,0.7817840576171875,2.4095146656036377,3.9871106147766113,3.0363926887512207,3.04149866104126,3.4005300998687744,64.72,3.08,22.93,22.75,18.05,20.21,29.7,41.81,10.087995529174805,14.83,3.36,4.092034816741943,5.081828594207764,6.34
2003-11-13,11.77,9.04,6.26,1.196,2.8072049617767334,15.64,0.92,3585.01806640625,0.495,45.3,8.694952964782715,6.741,8.91,11.894962310791016,19.84,4.58,4.38,2.527911424636841,0.7737240195274353,2.3387951850891118,4.043666839599609,3.0618863105773926,3.0189456939697266,3.520221948623657,65.98,3.1,23.07,22.61,17.99,20.19,29.5,40.55,9.961854934692385,14.66,3.15,4.154685020446777,5.194033622741699,6.4
2003-11-14,12.55,9.14,6.3,1.209,2.8072049617767334,16.06,0.95,3687.036376953125,0.512,45.79,8.630544662475586,6.758,9.03,11.683308601379396,19.03,4.58,4.38,2.5857787132263184,0.7764105796813965,2.3631415367126465,4.1171875,3.127440452575684,3.043831825256348,3.676248550415039,67.44,3.11,23.11,23.1,18.36,20.26,29.43,41.56,9.961854934692385,14.88,3.21,4.418473243713379,5.203792095184326,6.44
2003-11-17,12.66,8.96,6.29,1.189,2.8927042484283447,15.87,0.95,3614.550048828125,0.491,44.11,8.566136360168457,6.783,9.14,11.59864902496338,19.07,4.62,4.18,2.58882474899292,0.760291576385498,2.303433895111084,4.043666839599609,3.065983772277832,3.0303521156311035,3.573655843734741,66.53,3.09,23.05,22.89,18.05,19.66,29.5,42.65,9.767791748046877,14.96,3.1,4.355823040008545,5.072478294372559,6.32
2003-11-18,12.74,8.94,6.36,1.182,3.0209531784057617,15.87,0.95,3652.135009765625,0.494,44.8,8.267717361450195,6.69,9.38,11.67484188079834,19.45,4.86,4.16,2.61014461517334,0.7576049566268921,2.308587551116944,4.086081027984619,3.113783121109009,3.055755376815796,3.507397413253784,68.0,3.1,22.93,23.51,17.94,19.76,29.22,43.07,9.961854934692385,15.34,3.15,4.436610698699951,5.075729370117188,6.39
2003-11-19,12.66,8.97,6.32,1.189,3.0850775241851807,15.53,0.95,3624.3935546875,0.49,44.8,8.265570640563965,6.724,10.12,11.767972946166992,19.7,5.0,4.19,2.590043067932129,0.760291576385498,2.3236396312713623,4.127932548522949,3.129716396331787,3.0601630210876465,3.4454145431518555,67.18,3.05,22.91,22.94,17.72,19.66,29.22,42.56,9.832480430603027,14.8,3.15,4.369012832641602,5.017594814300537,6.32
2003-11-20,12.85,9.21,6.38,1.237,3.1919496059417725,15.55,0.99,3713.883544921875,0.494,44.96,8.394384384155273,6.775,11.41,11.852632522583008,19.8,5.21,4.28,2.640600681304932,0.7629783749580383,2.3317229747772217,4.122843265533447,3.13472318649292,3.107860326766968,3.4731991291046143,68.16,3.09,22.84,23.25,18.58,20.49,30.04,42.98,10.029773712158203,15.02,3.2,4.583341121673584,5.041173934936523,6.32
2003-11-21,12.47,9.42,6.29,1.271,3.220448732376098,15.5,0.99,3776.5283203125,0.508,45.38,8.544668197631836,6.843,11.87,11.852632522583008,19.6,5.42,4.32,2.664966344833374,0.7737240195274353,2.3802173137664795,4.1115312576293945,3.1251637935638428,3.06716251373291,3.4561023712158203,69.26,3.1,22.66,22.86,18.29,20.2,29.76,41.81,9.884232521057127,14.9,3.25,4.517394065856934,5.012715816497803,6.28
2003-11-24,12.55,9.48,6.38,1.298,3.2062008380889893,15.8,1.03,3968.93359375,0.547,45.93,9.1243314743042,7.337,12.53,12.275938987731934,20.19,5.83,4.48,2.686286687850952,0.7898439168930054,2.414565324783325,4.151119709014893,3.127894401550293,3.1545214653015137,3.430452823638916,71.11,3.1,23.0,24.16,18.91,20.53,30.27,43.74,9.897164344787598,15.49,3.36,4.467935562133789,5.016781330108643,6.29
2003-11-25,12.55,9.48,6.5,1.292,3.196223497390747,15.74,1.06,4000.255126953125,0.546,45.81,9.126477241516112,7.371,12.96,12.292874336242676,20.47,5.83,4.56,2.750853538513184,0.7952171564102173,2.4488136768341064,4.173742294311523,3.1629478931427,3.172926425933838,3.545870542526245,72.03,3.02,22.9,24.16,18.58,20.49,30.57,43.82,9.910104751586914,15.56,3.36,4.453097820281982,5.187530517578125,6.48
2003-11-26,12.66,9.48,6.44,1.319,3.2517998218536377,15.99,1.06,4018.15478515625,0.53,45.81,8.748624801635742,7.09,12.78,12.326739311218262,20.7,5.66,4.46,2.841616153717041,0.7952171564102173,2.444772720336914,3.9984211921691895,3.005438327789306,3.2727274894714355,3.522359132766724,71.71,3.02,22.36,23.89,18.49,20.67,31.02,43.74,9.92951202392578,15.42,3.36,4.383851528167725,5.195661544799805,6.52
2003-11-27,12.55,9.54,6.59,1.353,3.4199442863464355,16.39,1.05,4206.08447265625,0.579,46.48,8.877436637878418,7.379,13.39,12.148950576782228,20.33,5.46,4.45,2.8629355430603027,0.8193959593772888,2.4852852821350098,4.015388488769531,3.0341176986694336,3.3157591819763184,3.648463726043701,71.83,3.08,22.6,23.92,18.49,20.75,31.18,42.98,9.864824295043944,15.38,3.4,4.418473243713379,5.102157115936279,6.4
2003-11-28,12.66,9.47,6.5,1.387,3.491194725036621,16.94,1.07,4215.03564453125,0.563,46.56,8.800150871276855,7.286,13.23,12.275938987731934,21.09,5.42,4.48,2.98476243019104,0.8220822811126709,2.5044796466827397,4.026698112487793,3.0445878505706787,3.368901491165161,3.819451093673706,73.21,3.14,22.91,23.61,18.93,21.24,31.4,42.15,9.961854934692385,15.34,3.56,4.59982967376709,5.244447708129883,6.55
2003-12-01,12.9,9.42,6.71,1.394,3.548195600509644,17.2,1.08,4161.34033203125,0.551,45.81,8.503877639770508,7.243,13.63,13.122557640075684,21.55,5.5,4.51,3.0883164405822754,0.8167091012001038,2.473970413208008,4.128498077392578,3.1001265048980717,3.444854497909546,3.862199306488037,75.07,3.18,24.41,24.5,19.65,21.88,32.18,41.81,10.18825912475586,15.84,3.64,4.781185150146484,5.449752807617188,6.78
2003-12-02,12.85,9.37,6.69,1.374,3.5196940898895264,17.33,1.07,4143.44140625,0.561,46.08,8.759360313415527,7.218,13.32,13.122557640075684,21.58,5.42,4.45,3.09928035736084,0.8086493611335754,2.4650795459747314,4.173742294311523,3.1251637935638428,3.4702582359313965,3.9049460887908936,77.31,3.16,24.16,24.41,19.34,21.69,32.48,42.65,9.965089797973633,15.65,3.65,4.781185150146484,5.448125839233398,6.8
2003-12-03,12.85,9.32,6.98,1.421,3.5253946781158447,17.19,1.06,4080.7978515625,0.553,46.23,8.742182731628418,7.124,13.44,13.545865058898926,22.65,5.64,4.47,3.0913619995117188,0.8247688412666321,2.5246853828430176,4.15168571472168,3.095574140548706,3.4793312549591064,3.7873919010162354,76.17,3.17,24.25,25.05,19.49,21.49,32.17,41.73,10.15914821624756,16.37,3.56,4.7036967277526855,5.466014385223389,6.92
2003-12-04,12.47,9.21,7.14,1.401,3.455570936203003,16.89,1.07,4045.896728515625,0.547,45.99,8.443764686584473,7.005,14.18,13.545865058898926,22.31,5.97,4.38,3.0420212745666504,0.8247688412666321,2.527716636657715,4.176568984985352,3.111050605773926,3.395341396331787,3.676248550415039,78.0,3.13,25.01,25.43,19.31,21.02,31.55,41.05,10.123573303222656,16.56,3.5,4.560261249542236,5.637170314788818,7.09
2003-12-05,12.9,9.34,7.22,1.428,3.4056973457336426,16.95,1.09,4223.984375,0.564,46.14,8.823766708374023,7.124,14.95,13.427342414855955,21.98,6.44,4.65,3.051767587661743,0.8435744643211365,2.616621255874634,4.191274166107178,3.122886180877685,3.4679250717163086,3.8044896125793457,79.84,3.11,26.17,26.9,19.31,21.09,31.33,42.65,10.18825912475586,17.28,3.57,4.731723785400391,5.785153388977051,7.35
2003-12-08,12.9,9.14,7.65,1.428,3.348698854446411,16.87,1.14,4300.05322265625,0.569,44.87,9.16727066040039,7.269,15.68,13.190287590026855,21.7,6.09,4.47,3.0395848751068115,0.8543206453323364,2.576007127761841,4.193535804748535,3.129716396331787,3.468184471130371,3.981890439987183,82.3,3.11,26.64,26.25,19.12,20.99,30.86,42.73,9.903634071350098,17.04,3.67,4.913078784942627,5.968100070953369,7.54
2003-12-09,13.36,9.26,7.57,1.428,3.482644557952881,16.92,1.2,4376.11962890625,0.601,45.65,9.274614334106444,7.473,16.71,13.334211349487305,21.96,5.97,4.34,3.0791783332824707,0.8677532076835632,2.6228840351104736,4.422582626342773,3.2549047470092773,3.5853545665740967,4.046010971069336,83.49,3.1,26.65,26.31,19.44,21.45,31.38,43.07,10.25294589996338,17.23,3.69,5.011999607086182,6.382774829864502,7.9
2003-12-10,14.16,9.14,7.52,1.428,3.474095344543457,16.61,1.16,4411.91552734375,0.591,45.72,9.16727066040039,7.456,15.38,13.376542091369627,22.04,5.93,4.29,2.98476243019104,0.8543206453323364,2.6105587482452397,4.418057918548584,3.257180690765381,3.663381814956665,3.949830055236816,80.1,3.09,26.03,25.66,19.7,21.13,31.11,40.55,10.204435348510742,16.43,3.54,4.866915702819824,6.179502010345459,7.79
2003-12-11,14.5,9.12,7.47,1.428,3.548195600509644,16.56,1.16,4581.94873046875,0.618,47.68,9.229528427124023,7.541,15.83,13.452738761901855,22.11,6.21,4.34,3.044456958770752,0.8892459273338318,2.712696313858032,4.496103763580322,3.3231892585754395,3.859616756439209,3.975478887557984,82.56,3.1,25.93,25.63,19.73,21.28,30.96,41.05,10.414666175842283,16.68,3.63,4.921322345733643,6.104292869567871,7.57
2003-12-12,14.08,9.07,7.35,1.421,3.50544548034668,16.24,1.21,4443.23681640625,0.588,49.63,8.845235824584961,7.243,14.95,13.46967315673828,22.18,5.87,4.12,3.0018181800842285,0.8865591287612915,2.717646837234497,4.462170600891113,3.2895021438598637,3.7561845779418954,3.94769287109375,80.58,3.13,25.2,25.97,19.31,21.2,30.57,40.05,10.75427532196045,16.5,3.53,4.814156532287598,6.423432350158691,7.91
2003-12-15,13.72,9.16,7.32,1.394,3.491194725036621,16.04,1.23,4165.81494140625,0.551,50.06,8.072351455688477,6.766,14.28,13.545865058898926,22.23,5.74,4.13,2.9939002990722656,0.865066409111023,2.6873390674591064,4.388649940490723,3.262643337249756,3.811140298843384,3.8728859424591056,81.03,3.07,25.2,26.11,19.48,21.12,30.33,39.89,10.802791595458984,16.91,3.53,4.731723785400391,6.484412670135498,7.85
2003-12-16,13.72,8.98,7.19,1.374,3.515420913696289,16.04,1.28,4268.72998046875,0.557,50.82,7.975739002227783,6.826,13.9,13.884512901306152,22.29,5.92,4.2,3.030447483062744,0.8570076823234558,2.6560215950012207,4.436720371246338,3.2940542697906494,3.7528152465820312,3.8921217918396,78.0,3.1,24.95,26.18,19.49,21.4,30.04,39.8,10.867477416992188,16.5,3.54,4.657533168792725,6.496608734130859,7.9
2003-12-17,14.43,9.03,7.28,1.428,3.562445163726806,16.07,1.28,4313.4765625,0.568,52.17,8.48026180267334,7.081,16.05,14.536406517028809,22.84,6.23,4.2,3.1504476070404053,0.8462609052658081,2.720681667327881,4.547567367553711,3.373264074325561,3.8710222244262695,3.875022649765015,79.4,3.11,25.34,25.72,19.89,21.83,30.34,40.89,11.113288879394531,16.5,3.68,4.809212684631348,6.512871742248535,7.94
2003-12-18,14.25,9.38,7.83,1.449,3.491194725036621,16.28,1.28,4358.220703125,0.582,53.39,9.272467613220217,7.371,15.65,14.773463249206545,23.4,6.11,4.24,3.2564382553100586,0.8677532076835632,2.8085761070251465,4.665768146514893,3.435176134109497,3.848209619522095,3.9348690509796143,80.29,3.26,26.68,25.18,20.2,22.06,30.52,42.65,11.258833885192873,16.41,3.75,5.053217887878418,6.492950916290283,7.95
2003-12-19,14.25,9.54,7.95,1.469,3.4626951217651367,15.83,1.3,4340.32275390625,0.565,53.02,9.178004264831545,7.149,15.0,15.831732749938965,25.02,6.03,4.12,3.297856569290161,0.8784998059272766,2.828779458999634,4.665768146514893,3.446100950241089,3.7561845779418954,4.009675979614258,80.75,3.26,26.96,25.34,20.34,22.05,30.44,41.64,11.417318344116213,16.28,3.79,5.143896102905273,6.595807552337647,8.02
2003-12-22,14.25,9.72,8.37,1.496,3.438469886779785,15.77,1.35,4465.6103515625,0.583,51.83,9.392695426940918,7.524,15.75,16.136512756347656,25.12,5.95,4.09,3.459887742996216,0.8811858892440796,2.8590877056121826,4.77887773513794,3.527588367462158,3.698377847671509,4.174252510070801,87.81,3.32,27.87,24.38,20.3,22.22,30.04,40.72,11.967164993286133,15.84,3.65,5.358223915100098,6.94381046295166,8.5
2003-12-23,14.68,9.91,8.26,1.51,3.398573160171509,15.93,1.38,4474.5595703125,0.59,52.46,10.015295028686523,7.83,15.5,16.085712432861328,24.67,5.83,4.1,3.35024356842041,0.9026790857315063,2.899397850036621,4.651629447937012,3.4552063941955566,3.594686985015869,4.140053749084473,84.87,3.31,28.15,24.98,20.64,22.48,30.23,40.8,11.708413124084473,16.07,3.72,5.209843635559082,6.785258769989014,8.44
2003-12-26,14.6,9.82,8.08,1.537,3.348698854446411,15.9,1.38,4519.3046875,0.587,52.17,10.283658981323242,7.907,16.03,16.339693069458008,25.02,5.71,4.17,3.514709949493408,0.8919323682785034,2.8589868545532227,4.581501483917236,3.410593032836914,3.597019672393799,4.266157150268555,87.95,3.27,27.82,25.16,20.92,22.51,30.85,40.39,11.685771942138672,16.28,3.65,5.424171447753906,6.903154850006104,8.5
2003-12-29,14.5,9.92,8.31,1.537,3.3401477336883545,15.83,1.38,4644.59228515625,0.593,51.5,10.09043788909912,7.805,15.83,16.255043029785156,24.91,5.87,4.34,3.619480848312378,0.921484112739563,2.909601211547852,4.705356597900391,3.4797897338867188,3.698377847671509,4.505541801452637,92.98,3.32,27.94,24.41,21.34,22.83,30.93,39.63,11.805448532104492,15.69,3.57,5.638500213623047,6.931614875793457,8.5
2003-12-30,14.43,10.09,8.69,1.537,3.4199442863464355,16.12,1.35,4720.6591796875,0.598,51.23,10.41247272491455,7.899,15.99,16.339693069458008,25.32,5.87,4.38,3.715726375579834,0.9161117672920228,2.899497509002685,4.756255626678467,3.4779677391052246,3.760591506958008,4.464932918548584,96.08,3.34,28.39,24.68,21.11,22.91,31.18,39.72,11.805448532104492,15.78,3.57,5.597283840179443,6.89096212387085,8.43
2004-01-02,15.48,10.2,8.31,1.537,3.3771955966949463,16.52,1.38,4792.2529296875,0.606,52.86,10.187047958374023,7.737,15.53,16.492090225219727,24.81,5.95,4.28,3.7541310787200928,0.9349167346954346,2.826254844665528,4.937231063842773,3.605432748794556,3.778996467590332,4.533327102661133,98.37,3.44,28.9,24.43,21.84,23.3,31.64,39.05,11.886307716369627,15.44,3.49,5.5890398025512695,7.094231605529785,8.69
2004-01-05,17.51,10.45,8.76,1.599,3.655067205429077,17.35,1.5,5007.03271484375,0.611,55.12,10.949198722839355,8.231,15.99,17.18631362915039,26.01,6.46,4.42,4.08246660232544,0.9993939399719238,3.0308351516723637,5.203037738800049,3.81483793258667,3.894092559814453,4.845381259918213,108.44,3.4,30.28,25.82,22.66,24.14,32.76,40.89,12.536412239074709,16.41,3.57,6.141349315643311,7.317834854125977,9.06
2004-01-06,18.16,10.44,8.43,1.586,3.7904398441314697,17.16,1.54,4777.93408203125,0.598,54.51,10.356653213500977,7.975,15.7,16.678348541259766,26.01,6.14,4.29,4.026710510253906,0.9993939399719238,3.0308351516723637,5.463191032409668,4.015141010284424,3.808807849884033,4.954387187957764,108.44,3.44,29.82,26.11,23.15,24.2,32.98,42.07,11.805448532104492,16.54,3.57,6.199052810668945,7.309701919555664,9.15
2004-01-07,17.59,10.45,8.31,1.537,3.697816610336304,17.3,1.52,4680.38818359375,0.58,54.85,9.42060375213623,7.49,14.74,16.483623504638672,25.22,6.2,4.24,3.99202036857605,0.9805885553359984,3.066195249557495,5.344425678253174,3.9728033542633057,3.732855081558228,4.787672519683838,109.86,3.61,29.81,26.85,23.03,24.29,33.04,42.07,11.5790376663208,17.13,3.54,6.017698287963867,6.951941967010498,8.76
2004-01-08,17.51,10.31,8.26,1.537,3.7120673656463614,18.36,1.51,4787.779296875,0.598,54.68,9.188740730285645,7.592,14.51,16.42436408996582,24.83,6.25,4.35,3.89661717414856,0.9779015183448792,3.0712478160858154,5.30483865737915,3.949131965637207,3.8479506969451904,4.907363414764404,107.59,3.75,29.51,28.28,22.86,24.59,35.2,43.82,11.837787628173828,17.89,3.63,6.199052810668945,7.090167999267578,8.91
2004-01-09,17.36,10.27,8.0,1.558,3.68356728553772,19.0,1.57,4922.0146484375,0.594,58.18,9.875747680664062,7.805,14.56,15.39995574951172,22.99,6.21,4.32,4.001931190490723,0.969841718673706,3.0358872413635254,5.265247821807861,3.905884265899658,4.020854473114014,5.014232158660889,106.57,3.84,28.87,28.77,23.32,24.95,37.46,46.75,11.999506950378418,18.46,3.79,6.495816707611084,7.073498725891113,8.75
2004-01-12,17.71,10.36,8.0,1.551,3.726318120956421,18.9,1.57,4904.11669921875,0.608,59.06,10.09043788909912,7.771,15.26,15.239099502563477,22.84,6.25,4.32,3.9467952251434326,0.9805885553359984,3.0510411262512207,5.360825538635254,3.910438299179077,4.159022331237793,4.930875778198242,110.01,4.0,28.73,29.3,24.06,25.6,37.75,48.6,12.258255004882812,18.74,3.87,6.5947370529174805,6.911287784576416,8.7
2004-01-13,17.51,10.46,7.55,1.572,3.576695919036865,18.76,1.52,4854.8974609375,0.591,56.78,9.933713912963867,7.643,15.12,15.2814302444458,21.98,6.29,4.28,3.865642786026001,0.9779015183448792,3.101550817489624,5.372702121734619,3.951408863067627,4.193758487701416,4.618822574615479,105.59,3.98,27.83,26.66,23.97,25.27,37.76,48.68,12.12888240814209,17.74,3.87,6.289730072021484,6.99259614944458,8.76
2004-01-14,17.51,10.26,7.35,1.537,3.476944923400879,18.31,1.51,4698.28759765625,0.572,53.99,9.497892379760742,7.379,14.61,14.519475936889648,21.27,6.2,4.14,3.9028127193450928,0.9322304129600524,3.010629415512085,5.2098259925842285,3.8316824436187744,4.090067863464356,4.674394130706787,102.72,3.84,27.34,25.37,23.59,24.71,37.2,46.93,12.12888240814209,17.83,3.79,6.016049861907959,6.911287784576416,8.59
2004-01-15,17.59,9.97,7.28,1.53,3.4056973457336426,17.85,1.53,4571.20947265625,0.558,52.48,8.90964126586914,7.081,14.97,15.17137050628662,22.11,6.2,3.98,3.747938394546509,0.9161117672920228,2.903541326522827,5.10802698135376,3.755660057067871,4.124545097351074,4.558976173400879,101.79,3.81,26.93,25.66,22.97,24.2,36.5,46.0,12.293834686279297,17.51,3.74,5.885802268981934,6.728341579437256,8.32
2004-01-16,17.26,9.74,7.65,1.53,3.398573160171509,18.19,1.6,4653.54296875,0.551,50.93,8.88817310333252,6.979,15.35,15.586210250854492,22.71,6.12,4.11,3.7417423725128174,0.905364990234375,2.8590877056121826,5.146484375,3.8239433765411377,4.020854473114014,4.648744583129883,98.93,3.81,27.46,27.09,23.59,24.47,37.2,46.25,12.517006874084473,17.87,3.68,5.999563217163086,6.740537643432617,8.33
2004-01-19,17.17,9.85,7.57,1.517,3.4056973457336426,18.58,1.6,4608.7958984375,0.557,52.14,8.722861289978027,6.818,15.89,15.36608600616455,22.41,6.07,4.15,3.865642786026001,0.9080514311790466,2.8893966674804688,5.265247821807861,3.922275066375733,3.988710880279541,4.725690364837647,101.58,3.85,28.03,28.15,23.71,24.93,37.5,46.34,12.646379470825195,18.23,3.76,6.116619110107422,6.748668193817139,8.33
2004-01-20,17.26,10.1,7.5,1.524,3.4142463207244877,18.52,1.64,4519.3046875,0.557,54.77,8.90964126586914,7.064,16.59,15.408419609069824,22.66,6.04,4.23,3.840862989425659,0.9268571138381958,2.8742425441741943,5.44339656829834,4.001484394073486,3.836544990539551,4.744925022125244,100.27,3.89,27.97,28.13,24.18,25.6,38.16,48.01,13.06684684753418,18.74,3.76,6.050671577453613,6.871036529541016,8.59
2004-01-21,16.9,9.96,7.5,1.469,3.348698854446411,18.04,1.61,4425.33935546875,0.56,54.29,8.56828498840332,6.911,16.57,15.493085861206056,22.0,5.99,4.04,3.840242624282837,0.9026790857315063,2.828779458999634,5.352909088134766,3.9291024208068848,3.894092559814453,4.729964733123779,98.93,3.78,27.59,27.75,24.18,25.51,37.76,48.01,12.937472343444824,18.74,3.63,5.819856643676758,6.768993377685547,8.33
2004-01-22,16.45,10.02,7.65,1.503,3.2774477005004883,17.88,1.6,4340.32275390625,0.54,53.89,8.233367919921875,6.647,16.41,14.739596366882324,21.59,5.87,3.95,3.827852487564087,0.9187979102134703,2.9094998836517334,5.259593963623047,3.861729621887207,3.778996467590332,4.674394130706787,96.08,3.67,27.48,27.26,24.06,25.29,36.97,49.6,13.099193572998049,18.48,3.5,5.605528354644775,6.667359352111816,8.26
2004-01-23,17.08,10.34,7.65,1.517,3.320196390151977,18.35,1.6,4590.8974609375,0.557,54.68,8.858116149902344,7.116,16.92,15.408419609069824,22.26,5.81,4.0,3.970956802368164,0.953722596168518,3.020730495452881,5.259593963623047,3.8744747638702393,3.6325347423553462,4.691492080688477,97.23,3.75,27.67,27.78,25.14,26.11,37.76,50.19,13.584343910217283,19.21,3.64,5.687960624694824,6.567755699157715,8.12
2004-01-26,16.98,10.44,7.75,1.592,3.380046844482422,19.05,1.57,5011.50634765625,0.574,58.75,9.01698875427246,7.337,17.47,15.831732749938965,22.61,5.91,4.24,4.094854831695557,0.969841718673706,3.081348419189453,5.350080490112305,3.951408863067627,3.5425825119018555,4.787672519683838,100.4,3.85,27.97,30.26,25.58,26.85,39.54,54.63,14.101844787597656,22.26,3.83,5.786883354187012,6.525068759918213,8.16
2004-01-27,16.73,10.4,7.71,1.592,3.3586714267730717,19.65,1.62,4985.5537109375,0.558,58.53,8.694952964782715,7.107,18.25,15.67934226989746,21.94,5.9,4.34,4.0706939697265625,0.9644691348075868,3.0510411262512207,5.310491561889648,3.9286468029022217,3.61775803565979,5.044155597686768,103.71,4.07,28.29,26.97,25.12,26.71,40.4,54.63,13.584343910217283,21.02,3.79,5.8693156242370605,6.7425689697265625,8.38
2004-01-28,16.98,9.97,7.75,1.537,3.2916979789733887,19.47,1.52,4895.16845703125,0.553,56.77,8.845235824584961,7.149,18.89,15.81479549407959,21.64,6.04,4.38,4.01679801940918,0.937603771686554,2.9500136375427246,5.310491561889648,3.9149887561798096,3.594428062438965,4.900951385498047,100.55,3.87,28.33,26.22,24.83,26.32,39.43,52.87,13.32559871673584,19.58,3.75,5.605528354644775,6.789323806762695,8.4
2004-01-29,15.39,9.66,7.47,1.503,3.006702184677124,18.15,1.47,4550.626953125,0.507,52.76,8.201166152954102,6.588,16.04,15.493085861206056,20.77,5.87,4.0,3.7293543815612793,0.8973053693771362,2.778264284133911,5.022063732147217,3.687373399734497,3.2950210571289062,4.588899612426758,94.17,3.67,27.27,24.78,22.97,24.86,37.2,50.03,12.487895011901855,18.14,3.5,5.275790691375732,6.484412670135498,8.05
2004-01-30,14.43,9.59,7.59,1.449,2.9069535732269287,18.15,1.41,4452.18798828125,0.505,51.18,7.5356245040893555,6.145,16.28,15.15443515777588,21.2,5.92,3.76,3.79439926147461,0.8865591287612915,2.8186769485473637,4.807156085968018,3.5640065670013428,3.1107120513916016,4.659430503845215,90.19,3.39,27.36,24.76,22.66,24.09,37.1,49.6,12.222678184509276,17.91,3.5,5.071352958679199,6.342123031616211,7.94
2004-02-02,13.98,9.62,7.71,1.503,3.0907764434814453,18.07,1.43,4313.4765625,0.498,51.01,6.998898983001709,5.89,15.4,15.213703155517578,21.53,5.73,3.85,3.71696400642395,0.8999923467636108,2.83888578414917,4.863709926605225,3.56901478767395,3.2950210571289062,4.5461530685424805,84.67,3.37,27.12,24.47,22.82,23.8,37.67,50.28,12.12888240814209,17.63,3.57,4.929566860198975,6.435627460479736,7.9
2004-02-03,14.78,9.68,7.71,1.469,3.1990747451782227,18.07,1.47,4429.814453125,0.497,51.79,7.041836738586426,5.805,16.59,15.027443885803224,21.62,5.75,4.12,3.772717475891113,0.9107385277748108,2.899497509002685,4.97681999206543,3.64185094833374,3.3411636352539062,4.81545877456665,90.6,3.38,27.74,25.01,23.59,24.4,36.95,49.69,12.3552827835083,18.37,3.5,5.193356990814209,6.830384254455566,8.33
2004-02-04,14.68,9.62,7.71,1.428,3.056577205657959,17.61,1.5,4358.220703125,0.487,51.61,6.784209251403809,5.779,15.08,15.069775581359863,21.49,5.7,3.86,3.531115293502808,0.8973053693771362,2.859187364578247,4.90556001663208,3.5640065670013428,3.2926888465881348,4.644468784332275,88.48,3.32,26.99,24.41,22.14,23.35,35.43,48.94,12.61403465270996,18.36,3.46,4.838888168334961,7.0047926902771,8.4
2004-02-05,14.5,9.58,7.84,1.374,2.963953018188477,17.12,1.49,4223.984375,0.47,50.31,6.548051357269287,5.668,14.28,14.485610961914062,20.58,5.58,3.79,3.408455610275269,0.8892459273338318,2.789377450942993,4.807156085968018,3.541698694229126,3.318093061447144,4.47348165512085,85.23,3.32,26.58,23.68,21.15,22.31,34.16,46.25,11.676061630249023,18.14,3.4,4.535531044006348,6.753141403198242,8.18
2004-02-06,14.68,9.67,7.8,1.421,3.1420743465423584,17.35,1.5,4474.5595703125,0.494,51.61,6.741271018981934,5.907,14.61,14.731125831604004,20.29,5.54,3.94,3.6240406036376953,0.9134249091148376,2.888284206390381,4.999440670013428,3.715598821640015,3.4562599658966064,4.5461530685424805,87.99,3.34,27.36,25.6,21.97,23.56,36.58,49.69,12.61403465270996,19.86,3.47,4.8801045417785645,6.649471759796143,8.1
2004-02-09,14.6,9.67,7.95,1.442,2.971077442169189,17.49,1.5,4487.98193359375,0.48,51.61,6.7369771003723145,5.796,14.83,14.544876098632812,20.59,5.44,3.81,3.6952805519104,0.9268571138381958,2.884446144104004,5.067305564880371,3.7101364135742183,3.5254743099212646,4.674394130706787,86.76,3.34,27.04,26.36,21.39,23.11,36.27,52.95,12.455547332763672,20.94,3.42,5.16038179397583,6.834448337554932,8.08
2004-02-10,14.5,9.78,7.83,1.442,3.0280795097351074,17.56,1.51,4581.94873046875,0.48,50.75,6.6983323097229,5.847,14.28,14.265490531921388,20.99,5.54,3.88,3.667404174804688,0.921484112739563,2.8743433952331543,5.174759387969971,3.819391250610352,3.387305498123169,4.753475189208984,89.13,3.35,27.07,25.74,21.68,23.42,35.98,53.04,12.905132293701172,20.54,3.47,5.275790691375732,7.002757549285889,8.38
2004-02-11,15.66,9.97,7.88,1.524,3.149199724197388,18.27,1.54,4730.50390625,0.526,52.86,7.24579381942749,6.366,15.72,14.773463249206545,21.37,5.92,4.16,3.797498941421509,0.9671558141708374,3.025784492492676,5.367048263549805,3.968707323074341,3.559951066970825,4.947973728179932,92.74,3.51,27.75,27.03,22.97,24.47,38.25,54.05,12.937472343444824,21.46,3.65,5.638500213623047,7.106428623199463,8.53
2004-02-12,15.48,10.12,7.88,1.51,3.238974571228028,17.9,1.56,4666.96630859375,0.526,53.37,7.66229248046875,6.63,15.6,14.561805725097656,21.27,5.98,4.04,3.83404803276062,0.9429765939712524,2.929807186126709,5.390234470367432,3.967342615127564,3.4585931301116943,4.873167514801025,92.56,3.59,27.81,27.66,22.78,24.04,37.67,52.46,12.846906661987305,21.14,3.64,5.5725531578063965,7.216196537017822,8.69
2004-02-13,14.95,9.85,8.05,1.51,3.271747350692749,17.56,1.57,4564.05078125,0.512,51.89,7.6215009689331055,6.409,15.05,13.977638244628906,20.68,5.7,3.85,3.7603297233581534,0.94029039144516,2.8893966674804688,5.332548141479492,3.905430793762207,3.318093061447144,4.900951385498047,89.39,3.44,28.29,27.48,22.34,23.67,37.12,50.44,12.791922569274902,20.09,3.46,5.473630428314209,7.012923717498779,8.38
2004-02-16,14.68,9.89,7.9,1.476,3.227574825286865,17.41,1.53,4447.7119140625,0.491,51.8,7.428280353546143,6.196,14.91,13.884512901306152,20.45,5.54,3.8,3.716343641281128,0.9349167346954346,2.869189500808716,5.231317520141602,3.860362052917481,3.2582108974456787,5.022781848907471,87.73,3.4,27.59,27.41,21.8,23.47,35.43,49.77,12.791922569274902,19.39,3.36,5.440658092498779,6.931614875793457,8.16
2004-02-17,14.68,9.85,8.31,1.517,3.348698854446411,17.53,1.6,4510.35546875,0.499,52.67,7.30161190032959,6.179,14.51,14.367087364196776,20.99,5.61,3.72,3.778294324874878,0.9268571138381958,2.8793962001800537,5.287304878234863,3.883124589920044,3.1915907859802246,5.157434940338135,86.75,3.59,28.58,27.96,21.8,23.66,35.98,51.28,12.937472343444824,19.47,3.38,5.819856643676758,7.130821228027344,8.48
2004-02-18,14.5,9.96,8.51,1.503,3.2532238960266118,17.56,1.59,4426.23388671875,0.475,52.32,7.086922645568848,6.017,13.85,14.604137420654297,21.04,5.33,3.57,3.7417423725128174,0.9564093947410583,2.9601142406463623,5.19738245010376,3.855810642242432,3.145188093185425,5.157434940338135,89.04,3.45,29.34,27.45,21.1,22.9,35.06,50.69,12.62050724029541,18.42,3.29,5.556066036224365,6.99259614944458,8.28
2004-02-19,13.88,9.71,8.26,1.408,3.006702184677124,16.61,1.51,4201.61083984375,0.455,49.43,6.644660472869873,5.668,12.78,14.01997184753418,20.69,5.0,3.3,3.673597574234009,0.9349167346954346,2.828779458999634,5.047512531280518,3.68009090423584,2.990950584411621,4.980034828186035,87.5,3.32,29.04,26.66,20.06,21.49,33.02,48.76,11.967164993286133,17.91,3.07,5.20159912109375,6.753141403198242,8.12
2004-02-20,13.88,9.67,8.26,1.449,3.063702344894409,16.59,1.53,4473.6650390625,0.49,50.56,6.913023948669434,5.898,13.51,13.63052463531494,21.15,5.0,3.45,3.6240406036376953,0.9268571138381958,2.8186769485473637,5.033373355865479,3.6828224658966064,3.076234579086304,5.0120954513549805,87.99,3.26,29.04,27.83,20.47,21.88,34.0,49.44,12.12888240814209,18.72,3.2,5.193356990814209,6.858435153961182,8.16
2004-02-25,14.16,9.91,8.48,1.469,3.1150014400482178,16.52,1.51,4572.99951171875,0.48,50.65,6.97743034362793,6.017,13.44,13.960707664489746,21.22,5.21,3.53,3.7789134979248047,0.9161117672920228,2.823727607727051,5.124426364898682,3.746554136276245,3.3066868782043457,5.125375270843506,87.32,3.37,30.07,27.86,20.41,22.12,33.97,49.6,12.546117782592772,18.84,3.13,5.302168846130371,6.8299760818481445,8.27
2004-02-26,14.25,10.11,8.41,1.442,3.063702344894409,16.12,1.5,4608.7958984375,0.483,48.99,6.8700852394104,5.958,13.83,14.223162651062012,20.94,5.38,3.64,3.772717475891113,0.9026790857315063,2.773216724395752,5.041858673095703,3.69283676147461,3.3642349243164062,5.059116840362549,87.7,3.35,29.87,26.5,20.85,22.09,33.3,48.76,12.436144828796388,18.14,3.04,5.27414083480835,6.797454357147217,8.26
2004-02-27,15.13,10.63,8.53,1.469,3.0850775241851807,16.59,1.5,4653.54296875,0.48,48.55,6.998898983001709,6.026,13.89,14.248555183410645,21.7,5.36,3.63,3.859447956085205,0.94029039144516,2.828678131103516,5.10689640045166,3.732898235321045,3.5231406688690186,5.300637245178223,91.3,3.38,30.76,26.28,20.8,22.19,33.36,49.01,12.452315330505373,18.14,3.09,5.481874465942383,6.8503031730651855,8.35
2004-03-01,16.29,11.11,8.68,1.517,3.170575857162476,16.76,1.6,4743.033203125,0.501,50.57,7.32093620300293,6.341,14.95,14.612600326538086,22.71,5.5,3.71,4.026710510253906,0.9564093947410583,2.919703722000122,5.36195707321167,3.8785719871521,3.686711311340332,5.388267993927002,95.11,3.43,31.01,27.36,21.4,22.89,34.71,50.11,13.228570938110352,18.92,3.17,5.803369045257568,7.1104936599731445,8.67
2004-03-02,16.29,10.4,8.63,1.503,3.284572124481201,16.73,1.57,4743.033203125,0.496,51.88,7.417546272277832,6.494,15.08,14.561805725097656,22.35,5.3,3.77,4.08246660232544,0.9644691348075868,2.899497509002685,5.369875431060791,3.8703770637512207,3.640569448471069,5.38613224029541,95.11,3.4,31.17,26.68,21.6,22.7,35.37,48.94,13.260910987854004,18.77,3.25,5.933615684509277,7.033249855041504,8.59
2004-03-03,16.19,8.84,8.63,1.53,3.305947780609131,16.59,1.54,4653.54296875,0.501,52.48,8.115287780761719,6.741,15.87,14.64647102355957,22.5,5.46,3.76,4.045294284820557,0.9510363340377808,2.929807186126709,5.457534790039063,3.9149887561798096,3.606092929840088,5.557121753692627,94.64,3.49,31.05,26.77,23.07,22.85,35.43,49.35,13.099193572998049,18.37,3.25,6.068809509277344,6.882827281951904,8.45
2004-03-04,16.19,8.52,8.94,1.51,3.2574996948242188,16.21,1.5,4519.3046875,0.498,50.75,7.836190700531006,6.571,15.92,15.493085861206056,22.66,5.41,3.72,4.135120868682861,0.9483500123023988,2.8978819847106934,5.335940361022949,3.86719012260437,3.4422614574432373,5.593454837799072,96.08,3.65,31.66,26.51,24.42,22.53,34.31,48.76,14.037158012390137,18.4,3.22,6.213891983032227,6.911287784576416,8.33
2004-03-05,16.98,8.24,8.84,1.524,3.320196390151977,16.58,1.47,4707.236328125,0.514,51.45,8.104554176330566,6.775,16.26,16.085712432861328,23.14,5.95,3.84,4.18034553527832,0.9564093947410583,2.904552459716797,5.321804523468018,3.900423288345337,3.479072093963623,5.755895137786865,97.97,3.52,31.21,27.6,24.22,22.99,34.59,48.35,14.71638298034668,19.47,3.38,6.479329586029053,6.768993377685547,8.33
2004-03-08,16.82,8.19,8.79,1.524,3.412821054458618,16.59,1.44,4805.67626953125,0.52,52.42,8.201166152954102,6.962,16.83,15.484621047973633,21.82,5.97,3.88,4.175388813018799,0.9510363340377808,2.8893966674804688,5.358564376831055,3.9286468029022217,3.505773067474365,5.685361862182617,97.01,3.44,30.94,27.75,24.29,23.26,35.55,48.1,14.586997985839844,19.75,3.47,6.579898834228516,6.627110481262207,8.14
2004-03-09,16.73,7.64,8.63,1.49,3.2817249298095703,16.48,1.41,4697.392578125,0.51,51.18,8.007944107055664,6.724,16.22,15.086708068847656,21.37,6.06,3.77,4.181583881378174,0.9322304129600524,2.8792943954467773,5.457534790039063,3.933199882507324,3.3836772441864014,5.952530384063721,98.44,3.35,31.06,27.23,23.83,22.72,34.59,48.17,14.399407386779783,19.18,3.39,6.578250885009766,6.504739761352539,7.95
2004-03-10,16.19,7.48,8.45,1.428,3.149199724197388,16.07,1.34,4492.45751953125,0.49,48.9,7.576416969299316,6.341,15.18,14.392483711242676,20.69,6.21,3.68,3.84705662727356,0.8946188688278198,2.7984697818756104,5.248282432556152,3.764763832092285,3.237732172012329,5.443840980529785,93.22,3.32,29.82,26.46,22.73,21.52,32.64,47.42,13.584343910217283,18.14,3.25,6.26500129699707,6.098194122314453,7.55
2004-03-11,15.39,7.45,8.2,1.408,3.0779523849487305,15.43,1.3,4331.373046875,0.468,46.02,6.878672122955322,5.983,14.27,13.545865058898926,19.7,6.39,3.41,3.71696400642395,0.8731263279914856,2.6974432468414307,5.08992862701416,3.701031684875488,3.159186840057373,5.187358856201172,90.03,3.27,29.45,25.37,21.35,20.13,31.77,43.32,12.61403465270996,17.06,3.15,5.8379902839660645,5.996557235717773,7.38
2004-03-12,16.73,7.5,8.4,1.449,3.2774477005004883,15.87,1.41,4581.94873046875,0.497,49.87,7.619354248046875,6.366,15.8,13.977638244628906,20.63,6.65,3.64,4.00502872467041,0.8946188688278198,2.758061170578003,5.270905017852783,3.799816131591797,3.283615827560425,5.471625328063965,94.63,3.35,29.98,26.71,22.44,21.16,32.9,46.58,13.461442947387695,18.44,3.35,6.297972679138184,6.188040733337402,7.42
2004-03-15,16.11,7.09,8.22,1.442,3.2062008380889893,15.32,1.39,4474.5595703125,0.477,49.34,7.391781806945801,6.145,14.8,14.38401985168457,20.27,4.96,3.9,3.940602779388428,0.8892459273338318,2.717646837234497,5.158359050750732,3.67827033996582,3.329498291015625,5.2856764793396,91.8,3.3,29.21,26.09,21.68,20.29,31.16,46.17,13.584343910217283,17.64,3.25,6.166080951690674,6.081931591033936,7.39
2004-03-16,16.73,7.5,8.29,1.428,3.305947780609131,15.48,1.41,4428.92041015625,0.49,49.43,7.458336353302002,6.256,15.41,14.64647102355957,20.74,4.96,4.27,4.057684898376465,0.8919323682785034,2.717646837234497,5.132911205291748,3.696935653686523,3.352569341659546,5.313462734222412,93.68,3.32,29.02,26.14,21.85,20.85,31.23,46.58,13.907782554626465,18.05,3.35,6.100131034851074,6.059165000915527,7.43
2004-03-17,16.73,7.85,8.63,1.449,3.3843202590942383,15.55,1.41,4420.8642578125,0.483,49.87,7.503421306610107,6.324,15.66,15.230632781982422,21.78,4.85,4.2,4.089277744293213,0.9161117672920228,2.7530086040496826,5.295222282409668,3.76248836517334,3.283615827560425,5.38613224029541,95.11,3.33,30.23,26.36,22.57,20.93,31.27,46.93,13.746064186096191,18.72,3.28,6.344137668609619,6.362451076507568,7.64
2004-03-18,16.98,7.62,8.74,1.456,3.4199442863464355,15.98,1.48,4599.8466796875,0.499,50.75,7.900598526000977,6.63,16.14,15.230632781982422,21.53,4.91,4.12,4.149991035461426,0.9107385277748108,2.763110876083374,5.4971232414245605,3.910438299179077,3.288022518157959,5.471625328063965,96.05,3.37,31.36,27.09,23.07,21.42,32.23,47.68,13.843092918395996,20.02,3.36,6.347434520721436,6.350252628326416,7.79
2004-03-19,16.63,7.63,8.69,1.442,3.399996757507324,16.07,1.47,4492.45751953125,0.49,50.31,8.07020378112793,6.783,16.31,14.88351345062256,21.14,4.96,4.02,4.150609970092773,0.9134249091148376,2.7530086040496826,5.355734825134277,3.814384937286377,3.22580885887146,5.456665515899658,95.46,3.38,31.38,27.75,23.13,21.57,31.85,46.93,13.943366050720217,20.63,3.31,6.164431095123291,6.342123031616211,7.74
2004-03-22,16.45,7.68,8.53,1.414,3.305947780609131,15.87,1.46,4402.96630859375,0.486,48.9,8.050882339477539,6.715,16.05,14.629538536071776,20.19,5.08,3.77,4.057684898376465,0.8919323682785034,2.7216899394989014,5.282216548919678,3.7693164348602295,3.140782833099365,5.242928981781006,94.15,3.34,30.23,26.71,22.57,20.89,30.73,45.58,13.584343910217283,19.91,3.22,5.9352641105651855,6.159582614898682,7.53
2004-03-23,15.58,7.69,8.69,1.408,3.1848244667053223,15.87,1.46,4402.96630859375,0.473,48.11,7.922066211700439,6.571,15.3,14.570269584655762,20.69,5.0,3.64,3.930689811706543,0.8811858892440796,2.6721866130828857,5.225660800933838,3.723793268203736,3.064570188522339,5.198045253753662,92.74,3.32,30.92,26.34,21.68,20.26,29.87,44.5,13.422627449035645,18.76,3.15,5.770394802093506,6.138848304748535,7.45
2004-03-24,15.75,7.81,8.72,1.367,3.1919496059417725,15.32,1.42,4385.06787109375,0.46,48.55,7.750316143035889,6.469,14.96,14.223162651062012,20.33,5.13,3.72,3.840862989425659,0.865066409111023,2.616621255874634,5.253937721252441,3.71514344215393,3.061199188232422,5.21514368057251,91.9,3.32,30.61,26.28,21.4,19.65,28.68,42.9,13.584343910217283,18.6,3.14,5.671474933624268,6.033145904541016,7.35
2004-03-25,15.48,7.92,8.82,1.367,3.177699565887451,15.03,1.36,4407.44140625,0.46,48.55,7.685909271240234,6.392,14.51,14.47714138031006,21.0,5.17,3.77,3.86750054359436,0.8570076823234558,2.561156749725342,5.231317520141602,3.7374496459960938,3.064829111099243,5.328423500061035,91.31,3.32,31.0,27.39,21.1,19.63,27.99,43.74,13.296485900878906,19.35,3.15,5.828098773956299,5.89898681640625,7.13
2004-03-26,15.93,8.07,8.98,1.374,3.2346980571746826,15.08,1.41,4519.3046875,0.475,49.62,7.857660293579102,6.554,16.26,15.323758125305176,22.66,5.49,3.83,3.995734930038452,0.865066409111023,2.5913636684417725,5.248282432556152,3.76430869102478,3.235140562057495,5.499412059783936,93.94,3.35,31.59,28.62,21.03,20.09,28.54,44.07,12.943941116333008,20.21,3.18,6.157835960388184,6.224221706390381,7.46
2004-03-29,16.02,7.93,8.79,1.421,3.1919496059417725,14.88,1.43,4492.45751953125,0.473,49.52,7.857660293579102,6.579,15.83,15.17137050628662,22.77,5.26,3.73,4.057684898376465,0.8865591287612915,2.6721866130828857,5.234143257141113,3.76248836517334,3.1568539142608643,5.5336103439331055,97.17,3.34,31.23,29.08,21.29,19.76,28.47,46.09,13.260910987854004,20.42,3.35,6.240270137786865,6.346187114715576,7.66
2004-03-30,16.73,7.96,8.94,1.442,3.320196390151977,14.92,1.44,4389.54248046875,0.475,51.61,7.879128932952881,6.818,16.26,15.433820724487305,22.9,5.25,3.88,4.241613388061523,0.9161117672920228,2.756040334701538,5.29352617263794,3.789345979690552,3.1799261569976807,5.602004528045654,97.97,3.35,31.38,29.36,21.84,20.14,29.81,48.17,13.87220573425293,20.94,3.47,6.38040828704834,6.443758010864258,7.83
2004-03-31,17.36,8.06,9.01,1.414,3.3173484802246094,14.82,1.47,4514.830078125,0.483,52.32,7.900598526000977,6.596,16.32,15.120576858520508,23.14,5.25,3.83,4.204077243804932,0.8999923467636108,2.731790781021118,5.4942946434021,3.8922295570373535,3.284653186798096,5.668261528015137,97.97,3.36,31.61,29.98,21.54,19.76,29.22,47.01,13.454973220825195,21.73,3.72,6.512302875518799,6.484818935394287,7.83
2004-04-01,18.5,7.9,9.12,1.442,3.320196390151977,15.04,1.5,4617.7451171875,0.487,54.07,8.050882339477539,6.673,16.76,15.450757026672363,23.02,5.32,3.92,4.285406589508057,0.921484112739563,2.8186769485473637,5.446223258972168,3.880391836166382,3.433188915252685,5.723834991455078,103.21,3.37,32.09,29.66,23.01,20.94,30.74,46.84,13.681379318237305,22.47,3.75,6.611224174499512,6.503114700317383,7.91
2004-04-02,18.42,7.94,9.21,1.469,3.391446828842163,15.19,1.49,4546.15185546875,0.491,54.24,8.15822696685791,6.818,16.91,15.747068405151367,23.05,5.3,4.0,4.347968578338623,0.937603771686554,2.8642401695251465,5.5140886306762695,3.9377517700195312,3.4793312549591064,5.828564167022705,104.65,3.32,32.62,30.13,23.59,21.21,31.24,46.93,13.810747146606444,23.09,3.82,6.861824989318848,6.705166816711426,8.12
2004-04-05,18.58,7.81,9.19,1.456,3.435621500015259,15.71,1.49,4384.17333984375,0.491,55.38,8.040145874023438,6.783,17.43,15.450757026672363,22.76,5.3,4.11,4.388630390167236,0.9349167346954346,2.8641393184661865,5.457534790039063,3.887220859527588,3.536879539489746,5.84138822555542,108.15,3.36,32.32,30.74,24.55,21.98,32.19,49.51,13.584343910217283,22.93,4.15,6.850283145904541,6.606377601623535,8.12
2004-04-06,18.5,7.75,9.21,1.442,3.4199442863464355,15.61,1.48,4452.18798828125,0.494,56.0,8.196870803833008,6.758,17.01,15.298367500305176,23.14,5.24,4.09,4.372990608215332,0.937603771686554,2.869189500808716,5.492033004760742,3.905884265899658,3.48633074760437,5.7858171463012695,107.52,3.35,32.32,31.08,24.34,21.67,32.17,48.01,13.390283584594728,23.05,4.08,6.677172660827637,6.655162811279297,8.19
2004-04-07,19.13,7.49,8.9,1.421,3.2660486698150635,15.27,1.46,4358.220703125,0.475,54.42,8.050882339477539,6.511,16.48,15.03591251373291,22.57,5.83,3.89,4.251623630523682,0.9187979102134703,2.8338301181793213,5.485812187194824,3.887676239013672,3.2488789558410645,5.612691879272461,104.16,3.32,32.19,29.71,23.33,20.77,30.67,46.42,13.34177017211914,21.85,4.03,6.3968939781188965,6.464493274688721,7.98
2004-04-08,20.08,7.49,8.78,1.428,3.2916979789733887,15.25,1.44,4743.033203125,0.488,54.25,8.587606430053711,6.724,17.47,14.798856735229492,22.26,5.92,3.9,4.202826023101807,0.9134249091148376,2.802511215209961,5.573471546173096,3.9600579738616943,3.343496561050415,5.548570156097412,106.33,3.31,32.32,30.68,23.71,21.06,31.23,47.51,13.180044174194336,22.3,4.05,6.3309478759765625,6.464493274688721,7.86
2004-04-12,19.63,7.39,8.82,1.428,3.237549304962158,15.59,1.41,4841.47314453125,0.494,52.92,8.694952964782715,6.937,17.5,14.798856735229492,22.63,5.76,3.88,4.222846031188965,0.9322304129600524,2.8277692794799805,5.72899866104126,4.028799057006836,3.387305498123169,5.52933406829834,108.46,3.32,32.3,30.13,23.9,21.16,30.82,46.58,12.94070053100586,22.01,3.92,6.3968939781188965,6.427903652191162,7.82
2004-04-13,19.91,7.28,8.63,1.428,3.2346980571746826,15.5,1.36,4805.67626953125,0.494,52.06,8.802298545837402,7.005,17.54,14.409416198730469,21.98,5.46,3.87,4.204077243804932,0.9241708517074584,2.803522109985352,5.627198219299316,3.982819795608521,3.375640869140625,5.437427997589111,105.26,3.27,32.4,29.71,23.66,21.24,31.14,46.17,13.260910987854004,21.7,3.79,6.428220272064209,6.26121997833252,7.6
2004-04-14,20.02,7.24,8.56,1.421,3.1620264053344727,15.36,1.33,4751.9814453125,0.494,51.53,8.53608226776123,6.877,17.03,14.231622695922852,21.18,5.48,3.83,4.204077243804932,0.921484112739563,2.778264284133911,5.516918659210205,3.9131693840026855,3.433188915252685,5.328423500061035,104.92,3.21,32.07,28.57,23.67,21.23,30.75,45.08,13.422627449035645,20.7,3.67,6.279839038848877,6.138848304748535,7.46
2004-04-15,19.38,7.26,8.56,1.38,3.092200994491577,14.81,1.33,4689.33740234375,0.486,51.18,8.381505966186523,6.596,16.59,14.045368194580078,21.09,5.48,3.72,4.003884315490723,0.8973053693771362,2.707547664642334,5.429258346557617,3.869466781616211,3.342200756072998,5.114688396453857,99.7,3.13,31.86,27.86,22.95,20.33,29.7,44.07,12.95364475250244,20.23,3.57,5.918776988983154,6.138848304748535,7.49
2004-04-16,19.63,7.28,8.63,1.374,3.06512713432312,14.65,1.31,4711.71142578125,0.487,50.75,8.254838943481445,6.52,16.37,14.011504173278809,20.78,5.74,3.75,4.129629611968994,0.8999923467636108,2.712597131729126,5.384013652801514,3.8535349369049072,3.283615827560425,5.086903095245361,97.75,3.17,31.7,27.69,22.83,20.26,29.83,45.58,13.099193572998049,20.35,3.79,5.9352641105651855,6.179502010345459,7.59
2004-04-19,19.3,7.33,8.45,1.374,3.0622758865356445,14.75,1.31,4720.6591796875,0.487,48.83,7.997208595275879,6.494,15.36,14.172361373901367,20.88,5.75,3.72,4.129003524780273,0.8999923467636108,2.7216899394989014,5.351212978363037,3.819391250610352,3.2719502449035645,4.930875778198242,94.64,3.13,31.17,26.93,22.62,20.54,29.87,44.5,13.260910987854004,19.75,3.79,5.753908634185791,6.199830532073975,7.51
2004-04-20,18.67,7.24,8.37,1.367,2.9981532096862797,14.53,1.28,4608.7958984375,0.462,46.37,7.30161190032959,6.213,15.12,13.799850463867188,20.44,5.52,3.72,3.9400713443756095,0.8892459273338318,2.6528899669647217,5.192292213439941,3.696478843688965,3.227104425430298,4.77271032333374,90.36,3.04,30.95,26.11,21.79,19.92,29.52,41.48,12.7757568359375,19.4,3.85,5.5890398025512695,6.000623226165772,7.45
2004-04-22,19.38,7.36,8.61,1.353,2.9924533367156982,14.56,1.26,4617.7451171875,0.466,47.07,7.256526947021484,6.128,14.78,13.901444435119627,20.69,5.81,3.88,3.784921169281006,0.8731263279914856,2.6033849716186523,5.221136569976807,3.6828224658966064,3.329758405685425,4.674394130706787,88.65,3.02,31.87,25.72,23.27,19.92,29.5,40.05,12.7757568359375,19.91,3.89,5.394495487213135,5.781088829040527,7.13
2004-04-23,19.91,7.32,8.61,1.374,,14.42,1.28,4617.7451171875,0.472,48.03,7.256526947021484,6.435,15.83,13.901444435119627,20.38,6.04,4.09,3.784921169281006,0.8731263279914856,2.6033849716186523,,3.6828224658966064,3.329758405685425,,91.04,3.14,31.86,27.33,21.99,20.17,29.91,40.55,12.7757568359375,21.38,4.0,5.394495487213135,5.781088829040527,7.3
2004-04-26,19.56,7.24,8.4,1.353,2.993877410888672,14.27,1.26,4474.5595703125,0.468,48.03,7.47336483001709,6.443,15.23,13.969172477722168,20.71,5.85,3.99,3.9225547313690186,0.8489478826522827,2.556004047393799,5.1351728439331055,3.650953769683838,3.294761896133423,4.871029853820801,91.22,3.03,31.39,27.09,21.89,20.04,29.8,42.65,12.7757568359375,21.26,4.05,5.770394802093506,5.732302188873291,7.16
2004-04-27,20.52,7.68,8.35,1.353,2.963953018188477,14.48,1.27,4519.3046875,0.475,47.07,7.514156818389893,6.443,15.38,13.918380737304688,20.2,5.7,4.05,3.9256842136383057,0.8382008075714111,2.525595188140869,5.186071872711182,3.696478843688965,3.370197534561157,4.879578590393066,91.2,3.0,31.29,25.37,21.81,20.04,29.81,41.73,12.937472343444824,20.04,3.87,5.770394802093506,5.7729573249816895,7.26
2004-04-28,20.02,7.64,8.05,1.278,2.8243050575256348,13.89,1.2,4286.6279296875,0.466,44.01,7.041836738586426,5.975,14.28,13.63052463531494,20.19,5.5,4.08,3.866250514984131,0.8113364577293396,2.4398224353790283,5.061652660369873,3.598149299621582,3.2029964923858643,4.644468784332275,85.72,2.93,30.01,23.59,20.84,19.21,28.68,39.97,12.193572998046877,18.33,3.78,5.391198635101318,5.407473087310791,6.89
2004-04-29,19.3,7.51,7.77,1.223,2.7074573040008545,13.89,1.22,4206.08447265625,0.449,42.88,6.6553955078125,5.796,13.29,13.207220077514648,19.21,5.52,3.95,3.807443141937256,0.7764105796813965,2.343846321105957,4.807156085968018,3.414235830307007,3.0876407623291016,4.445695877075195,79.44,2.87,29.71,22.94,20.53,19.06,27.41,38.38,11.595211029052734,17.89,3.85,4.937808990478516,5.407878398895264,6.88
2004-04-30,20.27,7.46,7.84,1.209,2.721707344055176,13.52,1.13,4107.64599609375,0.431,41.13,6.526580810546875,5.634,13.29,12.275938987731934,18.24,5.52,4.07,3.87876033782959,0.7656646966934204,2.353949546813965,4.77887773513794,3.4005777835845947,3.0876407623291016,3.975478887557984,78.48,2.81,29.53,22.43,20.39,18.4,28.12,37.96,11.352630615234377,17.72,3.76,4.781185150146484,5.297703742980957,6.65
