,Adj Close
1998-10-27,1.07
1998-10-28,0.91
1998-10-29,0.89
1998-10-30,0.95
1998-11-03,1.07
1998-11-04,1.09
1998-11-05,1.13
1998-11-06,1.2
1998-11-09,1.27
1998-11-10,1.27
1998-11-11,1.27
1998-11-12,1.13
1998-11-13,1.15
1998-11-16,1.2
1998-11-17,1.18
1998-11-18,1.27
1998-11-19,1.33
1998-11-20,1.54
1998-11-23,1.84
1998-11-24,2.2
1998-11-25,2.46
1998-11-26,2.28
1998-11-27,2.39
1998-11-30,2.09
1998-12-01,2.1
1998-12-02,2.08
1998-12-03,1.9
1998-12-04,1.85
1998-12-07,2.1
1998-12-08,1.96
1998-12-09,1.9
1998-12-10,1.96
1998-12-11,1.78
1998-12-14,1.63
1998-12-15,1.77
1998-12-16,1.59
1998-12-17,1.63
1998-12-18,1.63
1998-12-21,1.84
1998-12-22,1.9
1998-12-23,1.96
1998-12-28,1.74
1998-12-29,1.54
1998-12-30,1.59
1999-01-04,1.7
1999-01-05,1.85
1999-01-06,2.09
1999-01-07,2.02
1999-01-08,1.88
1999-01-11,1.9
1999-01-12,1.84
1999-01-13,1.92
1999-01-14,1.77
1999-01-15,2.21
1999-01-18,2.35
1999-01-19,2.34
1999-01-20,2.24
1999-01-21,2.27
1999-01-22,2.16
1999-01-26,2.46
1999-01-27,2.5
1999-01-28,2.34
1999-01-29,2.57
1999-02-01,2.77
1999-02-02,2.75
1999-02-03,2.75
1999-02-04,2.64
1999-02-05,2.34
1999-02-08,2.53
1999-02-09,2.42
1999-02-10,2.62
1999-02-11,2.62
1999-02-12,2.53
1999-02-17,2.57
1999-02-18,2.71
1999-02-19,2.78
1999-02-22,2.8
1999-02-23,2.82
1999-02-24,2.71
1999-02-25,2.53
1999-02-26,2.67
1999-03-01,2.75
1999-03-02,2.8
1999-03-03,2.81
1999-03-04,2.82
1999-03-05,2.75
1999-03-08,2.75
1999-03-09,2.52
1999-03-10,2.53
1999-03-11,2.42
1999-03-12,2.41
1999-03-15,2.52
1999-03-16,2.81
1999-03-17,2.62
1999-03-18,2.78
1999-03-19,2.67
1999-03-22,2.62
1999-03-23,2.53
1999-03-24,2.53
1999-03-25,2.67
1999-03-26,2.78
1999-03-29,2.78
1999-03-30,2.78
1999-03-31,2.78
1999-04-06,2.78
1999-04-07,2.81
1999-04-08,2.97
1999-04-09,3.0
1999-04-12,2.91
1999-04-13,2.81
1999-04-14,2.91
1999-04-15,2.85
1999-04-16,2.96
1999-04-19,2.99
1999-04-20,3.09
1999-04-22,2.86
1999-04-23,2.75
1999-04-26,2.78
1999-04-27,2.78
1999-04-28,2.77
1999-04-29,2.78
1999-04-30,2.68
1999-05-03,2.7
1999-05-04,2.66
1999-05-05,2.78
1999-05-06,2.93
1999-05-07,2.97
1999-05-10,3.0
1999-05-11,2.97
1999-05-12,2.97
1999-05-13,3.18
1999-05-14,3.25
1999-05-17,3.15
1999-05-18,3.29
1999-05-19,3.07
1999-05-20,3.04
1999-05-21,2.96
1999-05-24,2.78
1999-05-25,2.7
1999-05-26,2.91
1999-05-27,2.78
1999-05-28,2.66
1999-05-31,2.7
1999-06-01,2.59
1999-06-02,2.53
1999-06-04,2.78
1999-06-07,2.71
1999-06-08,2.73
1999-06-09,2.71
1999-06-10,2.75
1999-06-14,2.73
1999-06-15,2.75
1999-06-16,2.78
1999-06-17,2.75
1999-06-18,2.97
1999-06-21,3.04
1999-06-22,2.97
1999-06-23,3.07
1999-06-24,2.91
1999-06-25,2.91
1999-06-28,2.97
1999-06-29,2.97
1999-06-30,3.13
1999-07-01,2.95
1999-07-02,2.95
1999-07-05,3.07
1999-07-06,2.95
1999-07-07,2.97
1999-07-08,2.86
1999-07-12,2.68
1999-07-13,2.97
1999-07-14,2.75
1999-07-15,2.71
1999-07-16,2.68
1999-07-19,2.68
1999-07-20,2.73
1999-07-21,2.75
1999-07-22,2.71
1999-07-23,2.62
1999-07-26,2.46
1999-07-27,2.53
1999-07-28,2.52
1999-07-29,2.53
1999-07-30,2.49
1999-08-02,2.46
1999-08-03,2.53
1999-08-04,2.53
1999-08-05,2.59
1999-08-06,2.53
1999-08-09,2.59
1999-08-10,2.64
1999-08-11,2.67
1999-08-12,2.67
1999-08-13,2.75
1999-08-16,2.78
1999-08-17,2.8
1999-08-18,2.71
1999-08-19,2.66
1999-08-20,2.77
1999-08-23,2.91
1999-08-24,2.95
1999-08-25,3.07
1999-08-26,3.07
1999-08-27,3.04
1999-08-30,2.97
1999-08-31,2.97
1999-09-01,2.97
1999-09-02,2.96
1999-09-03,2.97
1999-09-06,3.07
1999-09-08,2.97
1999-09-09,3.2
1999-09-10,2.97
1999-09-13,3.14
1999-09-14,2.91
1999-09-15,2.82
1999-09-16,2.75
1999-09-17,2.75
1999-09-20,2.91
1999-09-21,3.02
1999-09-22,2.91
1999-09-23,2.91
1999-09-24,2.91
1999-09-27,3.0
1999-09-28,3.03
1999-09-29,3.0
1999-09-30,3.02
1999-10-01,3.07
1999-10-04,2.91
1999-10-05,2.91
1999-10-06,3.0
1999-10-07,3.25
1999-10-08,3.18
1999-10-11,3.24
1999-10-13,3.15
1999-10-14,3.07
1999-10-15,2.88
1999-10-18,2.8
1999-10-19,2.78
1999-10-20,2.8
1999-10-21,2.8
1999-10-22,2.78
1999-10-25,2.78
1999-10-26,2.71
1999-10-27,2.75
1999-10-28,2.82
1999-10-29,2.82
1999-11-01,2.86
1999-11-03,2.88
1999-11-04,2.97
1999-11-05,3.15
1999-11-08,3.24
1999-11-09,3.15
1999-11-10,3.28
1999-11-11,3.4
1999-11-12,3.28
1999-11-16,3.22
1999-11-17,3.07
1999-11-18,3.1
1999-11-19,3.18
1999-11-22,3.24
1999-11-23,3.25
1999-11-24,3.24
1999-11-25,3.29
1999-11-26,3.36
1999-11-29,3.15
1999-11-30,3.24
1999-12-01,3.24
1999-12-02,3.45
1999-12-03,3.45
1999-12-06,3.54
1999-12-07,3.79
1999-12-08,3.97
1999-12-09,4.05
1999-12-10,4.41
1999-12-13,4.55
1999-12-14,4.48
1999-12-15,4.14
1999-12-16,4.14
1999-12-17,4.69
1999-12-20,4.77
1999-12-21,4.88
1999-12-22,4.57
1999-12-23,4.66
1999-12-27,4.57
1999-12-28,4.76
1999-12-29,5.06
1999-12-30,4.95
2000-01-03,4.77
2000-01-04,4.69
2000-01-05,4.8
2000-01-06,4.87
2000-01-07,4.95
2000-01-10,5.38
2000-01-11,5.44
2000-01-12,5.2
2000-01-13,5.7
2000-01-14,4.95
2000-01-17,5.06
2000-01-18,5.2
2000-01-19,4.95
2000-01-20,4.76
2000-01-21,4.66
2000-01-24,4.66
2000-01-26,4.48
2000-01-27,4.8
2000-01-28,4.87
2000-01-31,5.27
2000-02-01,5.52
2000-02-02,5.56
2000-02-03,5.83
2000-02-04,5.83
2000-02-07,6.07
2000-02-08,6.31
2000-02-09,6.32
2000-02-10,6.72
2000-02-11,6.89
2000-02-14,7.14
2000-02-15,7.47
2000-02-16,7.18
2000-02-17,7.1
2000-02-18,6.39
2000-02-21,6.39
2000-02-22,6.28
2000-02-23,6.72
2000-02-24,6.32
2000-02-25,6.96
2000-02-28,7.04
2000-02-29,7.22
2000-03-01,7.4
2000-03-02,7.25
2000-03-03,7.9
2000-03-08,8.04
2000-03-09,7.72
2000-03-10,7.79
2000-03-13,7.38
2000-03-14,7.32
2000-03-15,7.67
2000-03-16,7.79
2000-03-17,7.9
2000-03-20,8.26
2000-03-21,8.79
2000-03-22,9.87
2000-03-23,9.38
2000-03-24,8.97
2000-03-27,9.12
2000-03-28,8.3
2000-03-29,7.72
2000-03-30,7.47
2000-03-31,7.38
2000-04-03,6.66
2000-04-04,6.24
2000-04-05,6.2
2000-04-06,6.99
2000-04-07,7.25
2000-04-10,7.18
2000-04-11,6.57
2000-04-12,6.24
2000-04-13,5.3
2000-04-14,5.12
2000-04-17,5.3
2000-04-18,5.94
2000-04-19,6.07
2000-04-20,5.76
2000-04-24,5.66
2000-04-25,5.76
2000-04-26,5.55
2000-04-27,5.52
2000-04-28,5.89
2000-05-02,5.66
2000-05-03,5.34
2000-05-04,5.44
2000-05-05,5.3
2000-05-08,5.16
2000-05-09,4.91
2000-05-10,4.69
2000-05-11,4.66
2000-05-12,4.73
2000-05-15,4.88
2000-05-16,4.8
2000-05-17,4.66
2000-05-18,4.57
2000-05-19,4.48
2000-05-22,4.32
2000-05-23,3.97
2000-05-24,4.3
2000-05-25,4.05
2000-05-26,4.19
2000-05-29,4.55
2000-05-30,4.87
2000-05-31,5.06
2000-06-01,5.55
2000-06-02,6.31
2000-06-05,6.2
2000-06-06,6.53
2000-06-07,6.66
2000-06-08,6.42
2000-06-09,6.25
2000-06-12,5.83
2000-06-13,5.92
2000-06-14,6.09
2000-06-15,6.07
2000-06-16,5.99
2000-06-19,6.3
2000-06-20,6.5
2000-06-21,6.81
2000-06-23,6.92
2000-06-26,7.04
2000-06-27,6.39
2000-06-28,6.71
2000-06-29,6.57
2000-06-30,7.22
2000-07-03,7.22
2000-07-04,6.96
2000-07-05,6.99
2000-07-06,6.99
2000-07-07,7.32
2000-07-10,6.96
2000-07-11,6.75
2000-07-12,6.96
2000-07-13,6.6
2000-07-14,6.61
2000-07-17,6.6
2000-07-18,6.42
2000-07-19,6.28
2000-07-20,6.39
2000-07-21,6.28
2000-07-24,6.1
2000-07-25,5.99
2000-07-26,5.89
2000-07-27,5.66
2000-07-28,5.44
2000-07-31,5.16
2000-08-01,5.38
2000-08-02,5.45
2000-08-03,5.44
2000-08-04,5.34
2000-08-07,5.38
2000-08-08,5.6
2000-08-09,5.34
2000-08-10,5.12
2000-08-11,5.34
2000-08-14,5.66
2000-08-15,5.52
2000-08-16,5.33
2000-08-17,5.52
2000-08-18,5.44
2000-08-21,5.12
2000-08-22,5.06
2000-08-23,5.2
2000-08-24,5.34
2000-08-25,5.52
2000-08-28,5.51
2000-08-29,5.78
2000-08-30,5.83
2000-08-31,6.2
2000-09-01,6.28
2000-09-04,6.1
2000-09-05,6.28
2000-09-06,6.03
2000-09-08,5.74
2000-09-11,5.52
2000-09-12,5.13
2000-09-13,5.12
2000-09-14,5.09
2000-09-15,4.95
2000-09-18,4.62
2000-09-19,4.7
2000-09-20,4.87
2000-09-21,4.76
2000-09-22,4.66
2000-09-25,4.7
2000-09-26,4.59
2000-09-27,4.33
2000-09-28,4.41
2000-09-29,4.64
2000-10-02,4.66
2000-10-03,4.41
2000-10-04,4.64
2000-10-05,4.8
2000-10-06,4.73
2000-10-09,4.77
2000-10-10,4.87
2000-10-11,4.69
2000-10-13,4.34
2000-10-16,4.14
2000-10-17,3.9
2000-10-18,3.81
2000-10-19,4.03
2000-10-20,3.93
2000-10-23,3.82
2000-10-24,3.79
2000-10-25,3.58
2000-10-26,3.85
2000-10-27,3.97
2000-10-30,3.93
2000-10-31,3.93
2000-11-01,4.01
2000-11-03,3.97
2000-11-06,4.05
2000-11-07,4.21
2000-11-08,4.03
2000-11-09,3.9
2000-11-10,3.81
2000-11-13,3.61
2000-11-14,3.79
2000-11-16,3.81
2000-11-17,3.72
2000-11-20,3.75
2000-11-21,3.75
2000-11-22,3.69
2000-11-23,3.56
2000-11-24,3.61
2000-11-27,3.5
2000-11-28,3.5
2000-11-29,3.57
2000-11-30,3.25
2000-12-01,3.28
2000-12-04,3.28
2000-12-05,3.53
2000-12-06,3.56
2000-12-07,3.68
2000-12-08,3.9
2000-12-11,4.05
2000-12-12,3.79
2000-12-13,3.85
2000-12-14,3.97
2000-12-15,3.97
2000-12-18,4.12
2000-12-19,4.18
2000-12-20,3.83
2000-12-21,3.85
2000-12-22,4.01
2000-12-26,3.97
2000-12-27,4.25
2000-12-28,4.28
2001-01-02,4.14
2001-01-03,4.48
2001-01-04,4.48
2001-01-05,4.44
2001-01-08,4.62
2001-01-09,4.55
2001-01-10,4.57
2001-01-11,4.55
2001-01-12,4.37
2001-01-15,4.55
2001-01-16,4.28
2001-01-17,4.3
2001-01-18,4.28
2001-01-19,4.41
2001-01-22,4.44
2001-01-23,4.66
2001-01-24,4.77
2001-01-26,4.88
2001-01-29,4.88
2001-01-30,4.76
2001-01-31,4.44
2001-02-01,4.23
2001-02-02,4.18
2001-02-05,4.12
2001-02-06,4.34
2001-02-07,4.18
2001-02-08,4.16
2001-02-09,4.12
2001-02-12,4.0
2001-02-13,4.07
2001-02-14,4.08
2001-02-15,4.0
2001-02-16,3.68
2001-02-19,3.63
2001-02-20,3.47
2001-02-21,3.45
2001-02-22,3.47
2001-02-23,3.45
2001-02-28,3.46
2001-03-01,3.56
2001-03-02,3.81
2001-03-05,3.85
2001-03-06,3.82
2001-03-07,3.76
2001-03-08,3.57
2001-03-09,3.65
2001-03-12,3.47
2001-03-13,3.46
2001-03-14,3.25
2001-03-15,3.18
2001-03-16,3.35
2001-03-19,3.15
2001-03-20,3.15
2001-03-21,3.13
2001-03-22,3.04
2001-03-23,3.1
2001-03-26,3.29
2001-03-27,3.24
2001-03-28,3.18
2001-03-29,3.2
2001-03-30,3.25
2001-04-02,3.25
2001-04-03,3.25
2001-04-04,3.38
2001-04-05,3.45
2001-04-06,3.56
2001-04-09,3.4
2001-04-10,3.5
2001-04-11,3.5
2001-04-12,3.63
2001-04-16,3.54
2001-04-17,3.57
2001-04-18,3.68
2001-04-19,3.65
2001-04-20,3.4
2001-04-23,3.24
2001-04-24,3.31
2001-04-25,3.4
2001-04-26,3.65
2001-04-27,3.57
2001-04-30,3.61
2001-05-02,3.56
2001-05-03,3.56
2001-05-04,3.56
2001-05-07,3.57
2001-05-08,3.57
2001-05-09,3.42
2001-05-11,3.32
2001-05-14,3.31
2001-05-15,3.75
2001-05-16,3.97
2001-05-17,3.82
2001-05-18,3.97
2001-05-21,4.1
2001-05-22,3.9
2001-05-23,3.85
2001-05-24,3.93
2001-05-25,3.79
2001-05-28,3.97
2001-05-29,3.9
2001-05-30,3.93
2001-05-31,3.93
2001-06-01,3.9
2001-06-04,3.93
2001-06-05,4.05
2001-06-06,4.12
2001-06-07,4.25
2001-06-08,4.28
2001-06-11,4.28
2001-06-12,4.3
2001-06-13,4.44
2001-06-15,4.3
2001-06-18,4.0
2001-06-19,4.03
2001-06-20,4.03
2001-06-21,4.23
2001-06-22,4.1
2001-06-25,3.9
2001-06-26,3.79
2001-06-27,3.72
2001-06-28,3.78
2001-06-29,3.82
2001-07-02,3.76
2001-07-03,3.61
2001-07-04,3.54
2001-07-05,3.79
2001-07-06,3.67
2001-07-10,3.57
2001-07-11,3.64
2001-07-12,3.54
2001-07-13,3.65
2001-07-16,3.69
2001-07-17,3.85
2001-07-18,3.65
2001-07-19,3.57
2001-07-20,3.47
2001-07-23,3.45
2001-07-24,3.28
2001-07-25,3.4
2001-07-26,3.42
2001-07-27,3.49
2001-07-30,3.36
2001-07-31,3.45
2001-08-01,3.47
2001-08-02,3.36
2001-08-03,3.25
2001-08-06,3.28
2001-08-07,3.38
2001-08-08,3.36
2001-08-09,3.32
2001-08-10,3.21
2001-08-13,3.24
2001-08-14,3.24
2001-08-15,3.15
2001-08-16,3.14
2001-08-17,2.97
2001-08-20,2.97
2001-08-21,2.91
2001-08-22,2.84
2001-08-23,2.71
2001-08-24,2.8
2001-08-27,2.73
2001-08-28,2.71
2001-08-29,2.77
2001-08-30,2.66
2001-08-31,2.71
2001-09-03,2.73
2001-09-04,2.63
2001-09-05,2.46
2001-09-06,2.34
2001-09-10,2.46
2001-09-11,2.13
2001-09-12,2.14
2001-09-13,2.09
2001-09-14,1.9
2001-09-17,2.21
2001-09-18,2.32
2001-09-19,2.42
2001-09-20,2.45
2001-09-21,2.46
2001-09-24,2.46
2001-09-25,2.28
2001-09-26,2.17
2001-09-27,2.21
2001-09-28,2.27
2001-10-01,2.2
2001-10-02,2.16
2001-10-03,2.21
2001-10-04,2.2
2001-10-05,2.21
2001-10-08,2.17
2001-10-09,2.16
2001-10-10,2.21
2001-10-11,2.2
2001-10-15,2.2
2001-10-16,2.26
2001-10-17,2.28
2001-10-18,2.27
2001-10-19,2.38
2001-10-22,2.42
2001-10-23,2.42
2001-10-24,2.46
2001-10-25,2.5
2001-10-26,2.52
2001-10-29,2.41
2001-10-30,2.21
2001-10-31,2.34
2001-11-01,2.49
2001-11-05,2.77
2001-11-06,2.81
2001-11-07,2.93
2001-11-08,2.84
2001-11-09,2.77
2001-11-12,2.78
2001-11-13,2.86
2001-11-14,2.91
2001-11-16,2.88
2001-11-19,2.93
2001-11-20,2.82
2001-11-21,2.8
2001-11-22,2.89
2001-11-23,3.06
2001-11-26,3.22
2001-11-27,3.13
2001-11-28,2.91
2001-11-29,2.8
2001-11-30,2.85
2001-12-03,2.96
2001-12-04,3.0
2001-12-05,3.1
2001-12-06,3.22
2001-12-07,3.06
2001-12-10,3.24
2001-12-11,3.15
2001-12-12,3.29
2001-12-13,3.11
2001-12-14,3.03
2001-12-17,2.97
2001-12-18,3.0
2001-12-19,2.96
2001-12-20,2.89
2001-12-21,3.02
2001-12-26,3.06
2001-12-27,3.14
2001-12-28,2.97
2002-01-02,3.1
2002-01-03,3.22
2002-01-04,3.24
2002-01-07,3.18
2002-01-08,3.13
2002-01-09,3.1
2002-01-10,2.99
2002-01-11,2.97
2002-01-14,2.82
2002-01-15,2.73
2002-01-16,2.75
2002-01-17,2.84
2002-01-18,2.8
2002-01-21,2.73
2002-01-22,2.71
2002-01-23,2.8
2002-01-24,2.86
2002-01-28,2.78
2002-01-29,2.62
2002-01-30,2.63
2002-01-31,2.53
2002-02-01,2.53
2002-02-04,2.53
2002-02-05,2.68
2002-02-06,2.62
2002-02-07,2.62
2002-02-08,2.66
2002-02-13,2.73
2002-02-14,2.77
2002-02-15,2.68
2002-02-18,2.67
2002-02-19,2.57
2002-02-20,2.68
2002-02-21,2.71
2002-02-22,2.66
2002-02-25,2.73
2002-02-26,2.68
2002-02-27,2.8
2002-02-28,2.73
2002-03-01,2.84
2002-03-04,2.84
2002-03-05,2.8
2002-03-06,2.84
2002-03-07,2.84
2002-03-08,2.88
2002-03-11,2.78
2002-03-12,2.97
2002-03-13,3.07
2002-03-14,3.07
2002-03-15,2.97
2002-03-18,3.04
2002-03-19,2.97
2002-03-20,2.89
2002-03-21,2.75
2002-03-22,2.67
2002-03-25,2.68
2002-03-26,2.68
2002-03-27,2.53
2002-03-28,2.52
2002-04-01,2.53
2002-04-02,2.49
2002-04-03,2.53
2002-04-04,2.56
2002-04-05,2.53
2002-04-08,2.46
2002-04-09,2.49
2002-04-10,2.5
2002-04-11,2.52
2002-04-12,2.62
2002-04-15,2.52
2002-04-16,2.59
2002-04-17,2.63
2002-04-18,2.53
2002-04-19,2.53
2002-04-22,2.53
2002-04-23,2.59
2002-04-24,2.59
2002-04-25,2.62
2002-04-26,2.46
2002-04-29,2.46
2002-04-30,2.45
2002-05-02,2.27
2002-05-03,2.27
2002-05-06,2.38
2002-05-07,2.28
2002-05-08,2.44
2002-05-09,2.34
2002-05-10,2.39
2002-05-13,2.42
2002-05-14,2.46
2002-05-15,2.53
2002-05-16,2.53
2002-05-17,2.52
2002-05-20,2.53
2002-05-21,2.64
2002-05-22,2.52
2002-05-23,2.52
2002-05-24,2.5
2002-05-27,2.53
2002-05-28,2.52
2002-05-29,2.57
2002-05-31,2.52
2002-06-03,2.52
2002-06-04,2.46
2002-06-05,2.46
2002-06-06,2.41
2002-06-07,2.53
2002-06-10,2.52
2002-06-11,2.46
2002-06-12,2.49
2002-06-13,2.44
2002-06-14,2.32
2002-06-17,2.5
2002-06-18,2.49
2002-06-19,2.46
2002-06-20,2.34
2002-06-21,2.24
2002-06-24,2.46
2002-06-25,2.28
2002-06-26,2.34
2002-06-27,2.46
2002-06-28,2.66
2002-07-01,2.52
2002-07-02,2.64
2002-07-03,2.52
2002-07-04,2.46
2002-07-05,2.46
2002-07-08,2.53
2002-07-10,2.46
2002-07-11,2.71
2002-07-12,2.84
2002-07-15,2.75
2002-07-16,2.64
2002-07-17,2.66
2002-07-18,2.68
2002-07-19,2.52
2002-07-22,2.39
2002-07-23,2.44
2002-07-24,2.52
2002-07-25,2.44
2002-07-26,2.34
2002-07-29,2.45
2002-07-30,2.46
2002-07-31,2.59
2002-08-01,2.39
2002-08-02,2.32
2002-08-05,2.14
2002-08-06,2.34
2002-08-07,2.35
2002-08-08,2.41
2002-08-09,2.2
2002-08-12,2.14
2002-08-13,2.13
2002-08-14,2.09
2002-08-15,2.08
2002-08-16,2.17
2002-08-19,2.1
2002-08-20,2.09
2002-08-21,2.06
2002-08-22,2.27
2002-08-23,2.14
2002-08-26,2.26
2002-08-27,2.27
2002-08-28,2.21
2002-08-30,2.14
2002-09-02,2.2
2002-09-03,2.14
2002-09-04,2.21
2002-09-05,2.1
2002-09-06,2.1
2002-09-09,2.1
2002-09-10,2.1
2002-09-11,2.14
2002-09-12,2.27
2002-09-13,2.28
2002-09-16,2.21
2002-09-17,2.21
2002-09-18,2.14
2002-09-19,2.14
2002-09-20,2.17
2002-09-23,2.14
2002-09-24,2.2
2002-09-25,2.27
2002-09-26,2.21
2002-09-27,2.13
2002-09-30,2.09
2002-10-01,2.09
2002-10-02,1.9
2002-10-03,2.09
2002-10-04,2.09
2002-10-07,1.96
2002-10-08,1.96
2002-10-09,1.9
2002-10-10,2.02
2002-10-11,2.09
2002-10-14,1.92
2002-10-15,2.06
2002-10-16,1.96
2002-10-17,2.13
2002-10-18,2.21
2002-10-21,2.21
2002-10-22,2.39
2002-10-23,2.52
2002-10-24,2.34
2002-10-25,2.44
2002-10-28,2.28
2002-10-29,2.28
2002-10-30,2.39
2002-10-31,2.41
2002-11-01,2.41
2002-11-04,2.44
2002-11-05,2.52
2002-11-06,2.52
2002-11-07,2.52
2002-11-08,2.5
2002-11-11,2.41
2002-11-12,2.31
2002-11-13,2.24
2002-11-14,2.21
2002-11-18,2.27
2002-11-19,2.24
2002-11-20,2.27
2002-11-21,2.28
2002-11-22,2.34
2002-11-25,2.28
2002-11-26,2.2
2002-11-27,2.14
2002-11-28,2.2
2002-11-29,2.32
2002-12-02,2.34
2002-12-03,2.31
2002-12-04,2.31
2002-12-05,2.27
2002-12-06,2.27
2002-12-09,2.26
2002-12-10,2.27
2002-12-11,2.28
2002-12-12,2.31
2002-12-13,2.27
2002-12-16,2.21
2002-12-17,2.27
2002-12-18,2.28
2002-12-19,2.27
2002-12-20,2.32
2002-12-23,2.28
2002-12-26,2.28
2002-12-27,2.28
2002-12-30,2.28
2003-01-02,2.41
2003-01-03,2.46
2003-01-06,2.46
2003-01-07,2.46
2003-01-08,2.46
2003-01-09,2.46
2003-01-10,2.53
2003-01-13,2.5
2003-01-14,2.49
2003-01-15,2.42
2003-01-16,2.46
2003-01-17,2.41
2003-01-20,2.35
2003-01-21,2.32
2003-01-22,2.27
2003-01-23,2.2
2003-01-24,2.16
2003-01-27,2.09
2003-01-28,2.13
2003-01-29,2.1
2003-01-30,2.14
2003-01-31,2.14
2003-02-03,2.09
2003-02-04,1.96
2003-02-05,1.9
2003-02-06,1.96
2003-02-07,1.92
2003-02-10,1.95
2003-02-11,2.02
2003-02-12,2.02
2003-02-13,1.92
2003-02-14,1.96
2003-02-17,1.9
2003-02-18,1.95
2003-02-19,1.9
2003-02-20,1.85
2003-02-21,1.85
2003-02-24,1.85
2003-02-25,1.84
2003-02-26,1.78
2003-02-27,1.84
2003-02-28,1.84
2003-03-05,1.85
2003-03-06,1.95
2003-03-07,2.02
2003-03-10,1.85
2003-03-11,1.85
2003-03-12,1.9
2003-03-13,2.08
2003-03-14,1.96
2003-03-17,1.95
2003-03-18,2.03
2003-03-19,1.96
2003-03-20,2.02
2003-03-21,2.06
2003-03-24,1.95
2003-03-25,2.03
2003-03-26,2.06
2003-03-27,2.08
2003-03-28,2.09
2003-03-31,2.08
2003-04-01,2.09
2003-04-02,2.13
2003-04-03,2.14
2003-04-04,2.13
2003-04-07,2.13
2003-04-08,2.06
2003-04-09,1.96
2003-04-10,2.02
2003-04-11,1.96
2003-04-14,2.09
2003-04-15,2.16
2003-04-16,2.13
2003-04-17,2.16
2003-04-22,2.13
2003-04-23,2.1
2003-04-24,2.09
2003-04-25,2.09
2003-04-28,2.1
2003-04-29,2.14
2003-04-30,2.17
2003-05-02,2.21
2003-05-05,2.21
2003-05-06,2.2
2003-05-07,2.2
2003-05-08,2.14
2003-05-09,2.27
2003-05-12,2.34
2003-05-13,2.42
2003-05-14,2.46
2003-05-15,2.32
2003-05-16,2.41
2003-05-19,2.27
2003-05-20,2.24
2003-05-21,2.32
2003-05-22,2.34
2003-05-23,2.34
2003-05-26,2.21
2003-05-27,2.32
2003-05-28,2.27
2003-05-29,2.27
2003-05-30,2.27
2003-06-02,2.27
2003-06-03,2.28
2003-06-04,2.41
2003-06-05,2.28
2003-06-06,2.41
2003-06-09,2.38
2003-06-10,2.27
2003-06-11,2.28
2003-06-12,2.27
2003-06-13,2.26
2003-06-16,2.27
2003-06-17,2.24
2003-06-18,2.16
2003-06-20,2.09
2003-06-23,2.09
2003-06-24,2.16
2003-06-25,2.1
2003-06-26,2.1
2003-06-27,2.09
2003-06-30,2.09
2003-07-01,2.13
2003-07-02,2.14
2003-07-03,2.14
2003-07-04,2.17
2003-07-07,2.1
2003-07-08,2.1
2003-07-10,2.09
2003-07-11,2.09
2003-07-14,2.09
2003-07-15,2.09
2003-07-16,2.09
2003-07-17,2.08
2003-07-18,2.08
2003-07-21,2.06
2003-07-22,2.02
2003-07-23,2.02
2003-07-24,2.06
2003-07-25,2.06
2003-07-28,2.03
2003-07-29,1.96
2003-07-30,1.92
2003-07-31,1.95
2003-08-01,1.85
2003-08-04,1.84
2003-08-05,1.84
2003-08-06,1.78
2003-08-07,1.84
2003-08-08,1.85
2003-08-11,1.9
2003-08-12,1.9
2003-08-13,1.96
2003-08-14,2.02
2003-08-15,2.03
2003-08-18,2.09
2003-08-19,2.09
2003-08-20,2.1
2003-08-21,2.14
2003-08-22,2.14
2003-08-25,2.14
2003-08-26,2.21
2003-08-27,2.24
2003-08-28,2.2
2003-08-29,2.21
2003-09-01,2.2
2003-09-02,2.24
2003-09-03,2.32
2003-09-04,2.39
2003-09-05,2.49
2003-09-08,2.49
2003-09-09,2.39
2003-09-10,2.41
2003-09-11,2.46
2003-09-12,2.52
2003-09-15,2.52
2003-09-16,2.46
2003-09-17,2.49
2003-09-18,2.6
2003-09-19,2.53
2003-09-22,2.46
2003-09-23,2.46
2003-09-24,2.38
2003-09-25,2.35
2003-09-26,2.32
2003-09-29,2.35
2003-09-30,2.34
2003-10-01,2.46
2003-10-02,2.63
2003-10-03,2.82
2003-10-06,2.91
2003-10-07,2.95
2003-10-08,2.89
2003-10-09,2.73
2003-10-10,2.82
2003-10-13,2.8
2003-10-14,2.88
2003-10-15,2.8
2003-10-16,2.78
2003-10-17,2.78
2003-10-20,2.92
2003-10-21,3.0
2003-10-22,2.92
2003-10-23,2.8
2003-10-24,2.84
2003-10-27,2.81
2003-10-28,2.84
2003-10-29,2.8
2003-10-30,2.89
2003-10-31,2.93
2003-11-03,3.07
2003-11-04,3.15
2003-11-05,3.22
2003-11-06,3.29
2003-11-07,3.39
2003-11-10,3.4
2003-11-11,3.28
2003-11-12,3.36
2003-11-13,3.15
2003-11-14,3.21
2003-11-17,3.1
2003-11-18,3.15
2003-11-19,3.15
2003-11-20,3.2
2003-11-21,3.25
2003-11-24,3.36
2003-11-25,3.36
2003-11-26,3.36
2003-11-27,3.4
2003-11-28,3.56
2003-12-01,3.64
2003-12-02,3.65
2003-12-03,3.56
2003-12-04,3.5
2003-12-05,3.57
2003-12-08,3.67
2003-12-09,3.69
2003-12-10,3.54
2003-12-11,3.63
2003-12-12,3.53
2003-12-15,3.53
2003-12-16,3.54
2003-12-17,3.68
2003-12-18,3.75
2003-12-19,3.79
2003-12-22,3.65
2003-12-23,3.72
2003-12-26,3.65
2003-12-29,3.57
2003-12-30,3.57
2004-01-02,3.49
2004-01-05,3.57
2004-01-06,3.57
2004-01-07,3.54
2004-01-08,3.63
2004-01-09,3.79
2004-01-12,3.87
2004-01-13,3.87
2004-01-14,3.79
2004-01-15,3.74
2004-01-16,3.68
2004-01-19,3.76
2004-01-20,3.76
2004-01-21,3.63
2004-01-22,3.5
2004-01-23,3.64
2004-01-26,3.83
2004-01-27,3.79
2004-01-28,3.75
2004-01-29,3.5
2004-01-30,3.5
2004-02-02,3.57
2004-02-03,3.5
2004-02-04,3.46
2004-02-05,3.4
2004-02-06,3.47
2004-02-09,3.42
2004-02-10,3.47
2004-02-11,3.65
2004-02-12,3.64
2004-02-13,3.46
2004-02-16,3.36
2004-02-17,3.38
2004-02-18,3.29
2004-02-19,3.07
2004-02-20,3.2
2004-02-25,3.13
2004-02-26,3.04
2004-02-27,3.09
2004-03-01,3.17
2004-03-02,3.25
2004-03-03,3.25
2004-03-04,3.22
2004-03-05,3.38
2004-03-08,3.47
2004-03-09,3.39
2004-03-10,3.25
2004-03-11,3.15
2004-03-12,3.35
2004-03-15,3.25
2004-03-16,3.35
2004-03-17,3.28
2004-03-18,3.36
2004-03-19,3.31
2004-03-22,3.22
2004-03-23,3.15
2004-03-24,3.14
2004-03-25,3.15
2004-03-26,3.18
2004-03-29,3.35
2004-03-30,3.47
2004-03-31,3.72
2004-04-01,3.75
2004-04-02,3.82
2004-04-05,4.15
2004-04-06,4.08
2004-04-07,4.03
2004-04-08,4.05
2004-04-12,3.92
2004-04-13,3.79
2004-04-14,3.67
2004-04-15,3.57
2004-04-16,3.79
2004-04-19,3.79
2004-04-20,3.85
2004-04-22,3.89
2004-04-23,4.0
2004-04-26,4.05
2004-04-27,3.87
2004-04-28,3.78
2004-04-29,3.85
2004-04-30,3.76
2004-05-03,3.79
2004-05-04,3.64
2004-05-05,3.74
2004-05-06,3.57
2004-05-07,3.38
2004-05-10,3.06
2004-05-11,3.14
2004-05-12,3.09
2004-05-13,3.04
2004-05-14,3.36
2004-05-17,3.15
2004-05-18,3.24
2004-05-19,3.18
2004-05-20,3.09
2004-05-21,3.15
2004-05-24,3.25
2004-05-25,3.29
2004-05-26,3.32
2004-05-27,3.54
2004-05-28,3.47
2004-05-31,3.43
2004-06-01,3.24
2004-06-02,3.33
2004-06-03,3.35
2004-06-04,3.39
2004-06-07,3.4
2004-06-08,3.4
2004-06-09,3.28
2004-06-11,3.22
2004-06-14,3.17
2004-06-15,3.35
2004-06-16,3.56
2004-06-17,3.47
2004-06-18,3.5
2004-06-21,3.5
2004-06-22,3.46
2004-06-23,3.61
2004-06-24,3.54
2004-06-25,3.46
2004-06-28,3.33
2004-06-29,3.46
2004-06-30,3.5
2004-07-01,3.36
2004-07-02,3.35
2004-07-05,3.38
2004-07-06,3.29
2004-07-07,3.4
2004-07-08,3.4
2004-07-12,3.45
2004-07-13,3.35
2004-07-14,3.31
2004-07-15,3.39
2004-07-16,3.5
2004-07-19,3.38
2004-07-20,3.39
2004-07-21,3.25
2004-07-22,3.38
2004-07-23,3.53
2004-07-26,3.5
2004-07-27,3.49
2004-07-28,3.46
2004-07-29,3.47
2004-07-30,3.45
2004-08-02,3.5
2004-08-03,3.36
2004-08-04,3.25
2004-08-05,3.15
2004-08-06,3.14
2004-08-09,3.0
2004-08-10,3.14
2004-08-11,3.04
2004-08-12,3.03
2004-08-13,3.0
2004-08-16,3.0
2004-08-17,3.14
2004-08-18,3.28
2004-08-19,3.24
2004-08-20,3.39
2004-08-23,3.36
2004-08-24,3.46
2004-08-25,3.54
2004-08-26,3.53
2004-08-27,3.4
2004-08-30,3.5
2004-08-31,3.57
2004-09-01,3.43
2004-09-02,3.47
2004-09-03,3.31
2004-09-06,3.36
2004-09-08,3.29
2004-09-09,3.29
2004-09-10,3.15
2004-09-13,3.28
2004-09-14,3.25
2004-09-15,3.36
2004-09-16,3.47
2004-09-17,3.5
2004-09-20,3.56
2004-09-21,3.53
2004-09-22,3.47
2004-09-23,3.5
2004-09-24,3.49
2004-09-27,3.4
2004-09-28,3.42
2004-09-29,3.5
2004-09-30,3.57
2004-10-01,3.68
2004-10-04,3.82
2004-10-05,3.75
2004-10-06,3.65
2004-10-07,3.79
2004-10-08,3.83
2004-10-11,3.82
2004-10-13,3.57
2004-10-14,3.53
2004-10-15,3.56
2004-10-18,3.61
2004-10-19,3.53
2004-10-20,3.53
2004-10-21,3.58
2004-10-22,3.5
2004-10-25,3.53
2004-10-26,3.46
2004-10-27,3.57
2004-10-28,3.56
2004-10-29,3.49
2004-11-01,3.53
2004-11-03,3.61
2004-11-04,3.64
2004-11-05,3.61
2004-11-08,3.57
2004-11-09,3.61
2004-11-10,3.57
2004-11-11,3.57
2004-11-12,3.74
2004-11-16,3.61
2004-11-17,3.74
2004-11-18,3.75
2004-11-19,3.57
2004-11-22,3.79
2004-11-23,3.74
2004-11-24,3.75
2004-11-25,3.74
2004-11-26,3.75
2004-11-29,3.65
2004-11-30,3.69
2004-12-01,3.63
2004-12-02,3.61
2004-12-03,3.57
2004-12-06,3.72
2004-12-07,3.79
2004-12-08,3.87
2004-12-09,3.72
2004-12-10,3.82
2004-12-13,3.82
2004-12-14,3.79
2004-12-15,3.69
2004-12-16,3.65
2004-12-17,3.57
2004-12-20,3.54
2004-12-22,3.47
2004-12-23,3.5
2004-12-27,3.46
2004-12-28,3.5
2004-12-29,3.47
2004-12-30,3.5
2005-01-03,3.54
2005-01-04,3.32
2005-01-05,3.25
2005-01-06,3.2
2005-01-07,3.32
2005-01-10,3.17
2005-01-11,3.18
2005-01-12,3.2
2005-01-13,3.18
2005-01-14,3.17
2005-01-17,2.97
2005-01-18,2.81
2005-01-19,2.99
2005-01-20,2.91
2005-01-21,2.99
2005-01-24,3.0
2005-01-26,3.24
2005-01-27,3.15
2005-01-28,3.2
2005-01-31,3.25
2005-02-01,3.24
2005-02-02,3.39
2005-02-03,3.38
2005-02-04,3.64
2005-02-09,3.72
2005-02-10,3.76
2005-02-11,3.79
2005-02-14,3.79
2005-02-15,3.75
2005-02-16,3.64
2005-02-17,3.78
2005-02-18,3.68
2005-02-21,3.57
2005-02-22,3.54
2005-02-23,3.56
2005-02-24,3.74
2005-02-25,3.72
2005-02-28,3.72
2005-03-01,3.76
2005-03-02,3.82
2005-03-03,3.93
2005-03-04,3.97
2005-03-07,3.92
2005-03-08,3.93
2005-03-09,3.72
2005-03-10,3.99
2005-03-11,4.0
2005-03-14,4.12
2005-03-15,3.92
2005-03-16,3.97
2005-03-17,3.87
2005-03-18,3.78
2005-03-21,3.79
2005-03-22,3.61
2005-03-23,3.5
2005-03-24,3.47
2005-03-28,3.43
2005-03-29,3.46
2005-03-30,3.57
2005-03-31,3.54
2005-04-01,3.54
2005-04-04,3.47
2005-04-05,3.38
2005-04-06,3.31
2005-04-07,3.57
2005-04-08,3.45
2005-04-11,3.47
2005-04-12,3.61
2005-04-13,3.65
2005-04-14,3.5
2005-04-15,3.38
2005-04-18,3.46
2005-04-19,3.54
2005-04-20,3.43
2005-04-22,3.36
2005-04-25,3.42
2005-04-26,3.42
2005-04-27,3.39
2005-04-28,3.36
2005-04-29,3.57
2005-05-02,3.4
2005-05-03,3.38
2005-05-04,3.5
2005-05-05,3.56
2005-05-06,3.53
2005-05-09,3.54
2005-05-10,3.54
2005-05-11,3.46
2005-05-12,3.39
2005-05-13,3.36
2005-05-16,3.4
2005-05-17,3.36
2005-05-18,3.46
2005-05-19,3.47
2005-05-20,3.46
2005-05-23,3.36
2005-05-24,3.42
2005-05-25,3.38
2005-05-27,3.4
2005-05-30,3.42
2005-05-31,3.36
2005-06-01,3.53
2005-06-02,3.58
2005-06-03,3.58
2005-06-06,3.47
2005-06-07,3.46
2005-06-08,3.42
2005-06-09,3.39
2005-06-10,3.46
2005-06-13,3.39
2005-06-14,3.57
2005-06-15,3.47
2005-06-16,3.43
2005-06-17,3.43
2005-06-20,3.46
2005-06-21,3.49
2005-06-22,3.45
2005-06-23,3.36
2005-06-24,3.38
2005-06-27,3.38
2005-06-28,3.35
2005-06-29,3.32
2005-06-30,3.32
2005-07-01,3.38
2005-07-04,3.32
2005-07-05,3.24
2005-07-06,3.2
2005-07-07,3.09
2005-07-08,3.07
2005-07-11,3.15
2005-07-12,3.17
2005-07-13,3.32
2005-07-14,3.38
2005-07-15,3.32
2005-07-18,3.32
2005-07-19,3.36
2005-07-20,3.4
2005-07-21,3.32
2005-07-22,3.25
2005-07-25,3.2
2005-07-26,3.24
2005-07-27,3.25
2005-07-28,3.43
2005-07-29,3.45
2005-08-01,3.4
2005-08-02,3.4
2005-08-03,3.38
2005-08-04,3.33
2005-08-05,3.33
2005-08-08,3.36
2005-08-09,3.4
2005-08-10,3.32
2005-08-11,3.22
2005-08-12,3.36
2005-08-15,3.36
2005-08-16,3.35
2005-08-17,3.38
2005-08-18,3.35
2005-08-22,3.42
2005-08-23,3.39
2005-08-29,3.43
2005-09-05,3.42
2005-09-09,3.46
2005-09-12,3.4
2005-09-19,3.47
2005-09-20,3.47
2005-09-21,3.58
2005-09-22,3.51
2005-09-23,3.65
2005-09-26,3.51
2005-09-27,3.5
2005-09-28,3.51
2005-09-29,3.47
2005-09-30,3.57
2005-10-03,3.67
2005-10-04,3.79
2005-10-05,3.72
2005-10-06,3.51
2005-10-07,3.64
2005-10-10,3.63
2005-10-11,3.64
2005-10-13,3.57
2005-10-14,3.5
2005-10-17,3.57
2005-10-18,3.43
2005-10-19,3.58
2005-10-20,3.56
2005-10-21,3.67
2005-10-24,3.9
2005-10-25,3.83
2005-10-26,3.78
2005-10-27,3.72
2005-10-28,3.78
2005-10-31,3.87
2005-11-01,3.94
2005-11-03,4.01
2005-11-04,4.0
2005-11-07,4.05
2005-11-08,3.99
2005-11-09,3.97
2005-11-10,4.12
2005-11-11,4.01
2005-11-14,4.0
2005-11-16,4.12
2005-11-17,4.12
2005-11-18,4.25
2005-11-21,4.21
2005-11-22,4.28
2005-11-23,4.62
2005-11-24,4.62
2005-11-25,4.62
2005-11-28,4.7
2005-11-29,4.84
2005-11-30,4.87
2005-12-01,4.77
2005-12-02,4.7
2005-12-05,4.7
2005-12-06,4.73
2005-12-07,4.77
2005-12-08,4.7
2005-12-09,4.84
2005-12-12,4.82
2005-12-13,4.84
2005-12-14,4.88
2005-12-15,4.94
2005-12-16,5.02
2005-12-19,4.95
2005-12-20,4.91
2005-12-21,4.91
2005-12-22,4.95
2005-12-23,5.02
2005-12-26,4.98
2005-12-27,5.09
2005-12-28,5.09
2005-12-29,5.12
2006-01-02,5.38
2006-01-03,5.52
2006-01-04,5.67
2006-01-05,5.87
2006-01-06,6.1
2006-01-09,6.13
2006-01-10,5.99
2006-01-11,6.12
2006-01-12,6.17
2006-01-13,6.17
2006-01-17,6.07
2006-01-18,6.01
2006-01-19,6.27
2006-01-20,6.21
2006-01-23,6.17
2006-01-24,6.34
2006-01-26,6.74
2006-01-27,6.72
2006-01-30,6.78
2006-01-31,6.78
2006-02-01,6.46
2006-02-02,6.21
2006-02-03,6.13
2006-02-06,6.07
2006-02-07,6.14
2006-02-08,6.32
2006-02-09,6.5
2006-02-10,6.5
2006-02-13,6.42
2006-02-14,6.5
2006-02-15,6.71
2006-02-16,6.7
2006-02-17,6.6
2006-02-20,6.5
2006-02-21,6.57
2006-02-22,6.61
2006-02-23,6.74
2006-02-24,6.81
2006-03-01,7.1
2006-03-02,6.99
2006-03-03,6.89
2006-03-06,6.92
2006-03-07,6.71
2006-03-08,6.64
2006-03-09,6.64
2006-03-10,6.64
2006-03-13,6.67
2006-03-14,6.81
2006-03-15,7.02
2006-03-16,7.06
2006-03-17,7.18
2006-03-20,7.24
2006-03-21,7.07
2006-03-22,7.2
2006-03-23,6.81
2006-03-24,6.75
2006-03-27,6.85
2006-03-28,6.64
2006-03-29,6.72
2006-03-30,6.64
2006-03-31,6.68
2006-04-03,6.74
2006-04-04,6.7
2006-04-05,6.52
2006-04-06,6.67
2006-04-07,6.74
2006-04-10,6.53
2006-04-11,6.25
2006-04-12,6.35
2006-04-13,6.27
2006-04-17,6.25
2006-04-18,6.23
2006-04-19,6.27
2006-04-20,6.48
2006-04-24,6.45
2006-04-25,6.59
2006-04-26,6.71
2006-04-27,6.82
2006-04-28,6.74
2006-05-02,7.0
2006-05-03,6.97
2006-05-04,7.04
2006-05-05,6.6
2006-05-08,6.41
2006-05-09,6.17
2006-05-10,6.17
2006-05-11,5.98
2006-05-12,5.91
2006-05-15,5.6
2006-05-16,5.66
2006-05-17,5.38
2006-05-19,5.45
2006-05-22,5.13
2006-05-23,5.12
2006-05-24,5.12
2006-05-25,5.2
2006-05-26,5.37
2006-05-29,5.09
2006-05-30,4.8
2006-05-31,4.77
2006-06-01,5.02
2006-06-02,5.45
2006-06-05,5.2
2006-06-06,5.33
2006-06-07,5.06
2006-06-08,5.33
2006-06-09,5.2
2006-06-12,4.95
2006-06-13,4.62
2006-06-14,4.69
2006-06-16,4.73
2006-06-19,4.8
2006-06-20,4.55
2006-06-21,4.77
2006-06-22,4.77
2006-06-23,4.84
2006-06-26,4.95
2006-06-27,4.87
2006-06-28,4.87
2006-06-29,5.26
2006-06-30,5.19
2006-07-03,5.45
2006-07-04,5.52
2006-07-05,5.34
2006-07-06,5.38
2006-07-07,5.3
2006-07-10,5.38
2006-07-11,5.16
2006-07-12,5.23
2006-07-13,5.09
2006-07-14,4.91
2006-07-17,5.02
2006-07-18,4.98
2006-07-19,5.2
2006-07-20,5.09
2006-07-21,4.91
2006-07-24,4.91
2006-07-25,4.87
2006-07-26,4.77
2006-07-27,4.8
2006-07-28,4.7
2006-07-31,4.62
2006-08-01,4.55
2006-08-02,4.69
2006-08-03,4.7
2006-08-04,4.77
2006-08-07,4.77
2006-08-08,4.77
2006-08-09,4.73
2006-08-10,4.66
2006-08-11,4.62
2006-08-14,4.64
2006-08-15,4.82
2006-08-16,5.23
2006-08-17,5.12
2006-08-18,5.09
2006-08-21,5.06
2006-08-22,5.09
2006-08-23,4.95
2006-08-24,4.95
2006-08-25,4.91
2006-08-28,4.88
2006-08-29,5.09
2006-08-30,5.27
2006-08-31,5.33
2006-09-01,5.44
2006-09-04,5.45
2006-09-05,5.44
2006-09-06,5.3
2006-09-08,5.3
2006-09-11,5.58
2006-09-12,5.67
2006-09-13,5.73
2006-09-14,5.6
2006-09-15,5.55
2006-09-18,5.51
2006-09-19,5.44
2006-09-20,5.24
2006-09-21,5.31
2006-09-22,5.3
2006-09-25,5.13
2006-09-26,5.2
2006-09-27,5.2
2006-09-28,5.26
2006-09-29,5.19
2006-10-02,5.16
2006-10-03,5.27
2006-10-04,5.55
2006-10-05,5.51
2006-10-06,5.44
2006-10-09,5.51
2006-10-10,5.52
2006-10-11,5.38
2006-10-13,5.52
2006-10-16,5.81
2006-10-17,5.7
2006-10-18,5.78
2006-10-19,5.8
2006-10-20,5.63
2006-10-23,5.67
2006-10-24,5.56
2006-10-25,5.67
2006-10-26,5.99
2006-10-27,6.07
2006-10-30,6.16
2006-10-31,6.23
2006-11-03,6.27
2006-11-06,6.61
2006-11-07,6.32
2006-11-08,6.21
2006-11-09,6.03
2006-11-10,6.35
2006-11-13,6.42
2006-11-14,6.67
2006-11-16,6.42
2006-11-17,6.56
2006-11-21,6.67
2006-11-22,6.57
2006-11-23,6.61
2006-11-24,6.46
2006-11-27,6.6
2006-11-28,6.64
2006-11-29,6.64
2006-11-30,6.43
2006-12-01,6.24
2006-12-04,6.42
2006-12-05,6.48
2006-12-06,6.41
2006-12-07,6.39
2006-12-08,6.28
2006-12-11,6.49
2006-12-12,6.35
2006-12-13,6.36
2006-12-14,6.57
2006-12-15,6.5
2006-12-18,6.3
2006-12-19,6.16
2006-12-20,6.16
2006-12-21,6.2
2006-12-22,6.12
2006-12-26,6.24
2006-12-27,6.54
2006-12-28,6.56
2007-01-02,6.48
2007-01-03,6.35
2007-01-04,6.17
2007-01-05,5.89
2007-01-08,5.87
2007-01-09,5.67
2007-01-10,5.84
2007-01-11,5.88
2007-01-12,5.98
2007-01-15,5.91
2007-01-16,5.83
2007-01-17,5.88
2007-01-19,5.94
2007-01-22,5.94
2007-01-23,5.92
2007-01-24,5.91
2007-01-26,5.84
2007-01-29,5.89
2007-01-30,6.21
2007-01-31,6.34
2007-02-01,6.45
2007-02-02,6.46
2007-02-05,6.49
2007-02-06,6.32
2007-02-07,6.12
2007-02-08,6.28
2007-02-09,6.24
2007-02-12,6.17
2007-02-13,6.24
2007-02-14,6.35
2007-02-15,6.24
2007-02-16,6.05
2007-02-21,6.21
2007-02-22,6.21
2007-02-23,6.32
2007-02-26,6.32
2007-02-27,5.85
2007-02-28,5.99
2007-03-01,5.99
2007-03-02,5.96
2007-03-05,5.91
2007-03-06,6.28
2007-03-07,6.28
2007-03-08,6.34
2007-03-09,6.17
2007-03-12,6.12
2007-03-13,5.96
2007-03-14,5.91
2007-03-15,5.78
2007-03-16,5.7
2007-03-19,5.67
2007-03-20,5.89
2007-03-21,6.01
2007-03-22,5.89
2007-03-23,5.91
2007-03-26,5.96
2007-03-27,5.92
2007-03-28,5.85
2007-03-29,5.92
2007-03-30,5.91
2007-04-02,6.25
2007-04-03,6.35
2007-04-04,6.24
2007-04-05,6.3
2007-04-09,6.32
2007-04-10,6.68
2007-04-11,6.78
2007-04-12,6.79
2007-04-13,6.85
2007-04-16,6.96
2007-04-17,7.04
2007-04-18,6.93
2007-04-19,6.84
2007-04-20,6.85
2007-04-23,6.96
2007-04-24,6.99
2007-04-25,6.96
2007-04-26,6.78
2007-04-27,6.86
2007-04-30,6.6
2007-05-02,6.64
2007-05-03,6.57
2007-05-04,6.39
2007-05-07,6.24
2007-05-08,6.14
2007-05-09,6.14
2007-05-10,5.89
2007-05-11,6.1
2007-05-14,6.17
2007-05-15,6.06
2007-05-16,6.21
2007-05-17,6.17
2007-05-18,6.28
2007-05-21,6.14
2007-05-22,6.32
2007-05-23,6.34
2007-05-24,6.23
2007-05-25,6.34
2007-05-28,6.34
2007-05-29,6.38
2007-05-30,6.42
2007-05-31,6.36
2007-06-01,6.45
2007-06-04,6.35
2007-06-05,6.41
2007-06-06,6.25
2007-06-08,6.36
2007-06-11,6.46
2007-06-12,6.38
2007-06-13,6.6
2007-06-14,6.66
2007-06-15,6.57
2007-06-18,6.42
2007-06-19,6.42
2007-06-20,6.24
2007-06-21,6.23
2007-06-22,6.28
2007-06-25,6.28
2007-06-26,6.24
2007-06-27,6.32
2007-06-28,6.17
2007-06-29,6.03
2007-07-02,6.19
2007-07-03,6.25
2007-07-04,6.13
2007-07-05,6.06
2007-07-06,6.07
2007-07-10,6.01
2007-07-11,5.92
2007-07-12,6.14
2007-07-13,6.17
2007-07-16,6.07
2007-07-17,6.09
2007-07-18,6.03
2007-07-19,6.16
2007-07-20,6.19
2007-07-23,6.43
2007-07-24,6.24
2007-07-25,6.28
2007-07-26,5.96
2007-07-27,5.76
2007-07-30,5.96
2007-07-31,5.91
2007-08-01,5.95
2007-08-02,6.01
2007-08-03,5.87
2007-08-06,5.88
2007-08-07,6.03
2007-08-08,6.17
2007-08-09,5.96
2007-08-10,5.7
2007-08-13,5.66
2007-08-14,5.45
2007-08-15,5.52
2007-08-16,5.44
2007-08-17,5.52
2007-08-20,5.59
2007-08-21,5.8
2007-08-22,5.95
2007-08-23,5.88
2007-08-24,5.94
2007-08-27,5.96
2007-08-28,5.99
2007-08-29,6.07
2007-08-30,6.09
2007-08-31,6.24
2007-09-03,6.34
2007-09-04,6.39
2007-09-05,6.5
2007-09-06,6.46
2007-09-10,6.42
2007-09-11,6.46
2007-09-12,6.39
2007-09-13,6.52
2007-09-14,6.64
2007-09-17,6.6
2007-09-18,6.89
2007-09-19,6.81
2007-09-20,6.71
2007-09-21,6.86
2007-09-24,6.78
2007-09-25,6.67
2007-09-26,6.74
2007-09-27,6.72
2007-09-28,6.75
2007-10-01,6.95
2007-10-02,6.74
2007-10-03,6.74
2007-10-04,6.68
2007-10-05,6.78
2007-10-08,6.67
2007-10-09,6.75
2007-10-10,6.74
2007-10-11,6.86
2007-10-15,6.82
2007-10-16,6.77
2007-10-17,6.64
2007-10-18,6.64
2007-10-19,6.56
2007-10-22,6.78
2007-10-23,7.04
2007-10-24,7.04
2007-10-25,6.75
2007-10-26,7.02
2007-10-29,6.9
2007-10-30,7.24
2007-10-31,7.32
2007-11-01,6.88
2007-11-05,6.84
2007-11-06,6.79
2007-11-07,6.49
2007-11-08,6.28
2007-11-09,6.17
2007-11-12,6.07
2007-11-13,6.54
2007-11-14,6.79
2007-11-16,6.95
2007-11-19,6.43
2007-11-21,6.5
2007-11-22,6.5
2007-11-23,6.49
2007-11-26,6.42
2007-11-27,6.31
2007-11-28,6.35
2007-11-29,6.36
2007-11-30,6.24
2007-12-03,6.28
2007-12-04,6.17
2007-12-05,6.35
2007-12-06,6.27
2007-12-07,6.21
2007-12-10,6.23
2007-12-11,6.05
2007-12-12,5.84
2007-12-13,5.69
2007-12-14,5.63
2007-12-17,5.26
2007-12-18,5.67
2007-12-19,5.69
2007-12-20,5.58
2007-12-21,5.7
2007-12-26,5.78
2007-12-27,5.55
2007-12-28,5.51
2008-01-02,5.74
2008-01-03,5.83
2008-01-04,5.58
2008-01-07,5.56
2008-01-08,5.76
2008-01-09,5.99
2008-01-10,6.09
2008-01-11,5.96
2008-01-14,6.05
2008-01-15,5.83
2008-01-16,5.8
2008-01-17,5.51
2008-01-18,5.34
2008-01-21,5.09
2008-01-22,5.44
2008-01-23,4.95
2008-01-24,5.34
2008-01-28,5.52
2008-01-29,5.73
2008-01-30,5.83
2008-01-31,6.06
2008-02-01,6.28
2008-02-06,5.76
2008-02-07,5.92
2008-02-08,5.8
2008-02-11,6.19
2008-02-12,6.6
2008-02-13,6.34
2008-02-14,6.17
2008-02-15,5.99
2008-02-18,5.96
2008-02-19,5.85
2008-02-20,5.96
2008-02-21,6.05
2008-02-22,6.14
2008-02-25,6.41
2008-02-26,6.42
2008-02-27,6.63
2008-02-28,6.6
2008-02-29,6.28
2008-03-03,6.56
2008-03-04,6.39
2008-03-05,6.05
2008-03-06,5.74
2008-03-07,5.6
2008-03-10,5.16
2008-03-11,5.38
2008-03-12,5.24
2008-03-13,5.2
2008-03-14,5.12
2008-03-17,4.94
2008-03-18,5.16
2008-03-19,4.95
2008-03-20,4.94
2008-03-24,5.09
2008-03-25,5.27
2008-03-26,5.2
2008-03-27,5.2
2008-03-28,5.2
2008-03-31,5.13
2008-04-01,5.33
2008-04-02,5.33
2008-04-03,5.38
2008-04-04,5.33
2008-04-07,5.31
2008-04-08,5.26
2008-04-09,5.02
2008-04-10,5.01
2008-04-11,4.8
2008-04-14,4.77
2008-04-15,4.95
2008-04-16,5.16
2008-04-17,5.06
2008-04-18,5.09
2008-04-22,5.12
2008-04-23,5.02
2008-04-24,5.19
2008-04-25,5.19
2008-04-28,5.13
2008-04-29,5.01
2008-04-30,5.26
2008-05-02,5.23
2008-05-05,5.3
2008-05-06,4.87
2008-05-07,4.95
2008-05-08,4.95
2008-05-09,4.88
2008-05-12,4.8
2008-05-13,4.77
2008-05-14,4.7
2008-05-15,4.69
2008-05-16,4.77
2008-05-19,4.73
2008-05-20,4.69
2008-05-21,4.62
2008-05-23,4.64
2008-05-26,4.62
2008-05-27,4.57
2008-05-28,4.66
2008-05-29,4.66
2008-05-30,4.62
2008-06-02,4.44
2008-06-03,4.26
2008-06-04,4.23
2008-06-05,4.32
2008-06-06,4.23
2008-06-09,4.21
2008-06-10,4.21
2008-06-11,4.19
2008-06-12,4.12
2008-06-13,4.3
2008-06-16,4.44
2008-06-17,4.48
2008-06-18,4.59
2008-06-19,4.62
2008-06-20,4.37
2008-06-23,4.3
2008-06-24,4.21
2008-06-25,4.37
2008-06-26,4.18
2008-06-27,4.12
2008-06-30,4.23
2008-07-01,3.94
2008-07-02,3.85
2008-07-03,3.69
2008-07-04,3.71
2008-07-07,3.72
2008-07-08,3.79
2008-07-10,3.93
2008-07-11,3.92
2008-07-14,3.9
2008-07-15,4.05
2008-07-16,4.18
2008-07-17,4.12
2008-07-18,4.0
2008-07-21,4.07
2008-07-22,3.93
2008-07-23,3.97
2008-07-24,3.75
2008-07-25,3.75
2008-07-28,3.61
2008-07-29,3.69
2008-07-30,3.87
2008-07-31,3.81
2008-08-01,3.72
2008-08-04,3.64
2008-08-05,3.74
2008-08-06,3.72
2008-08-07,3.49
2008-08-08,3.61
2008-08-11,3.47
2008-08-12,3.47
2008-08-13,3.47
2008-08-14,3.57
2008-08-15,3.46
2008-08-18,3.38
2008-08-19,3.36
2008-08-20,3.39
2008-08-21,3.29
2008-08-22,3.25
2008-08-25,3.18
2008-08-26,3.2
2008-08-27,3.22
2008-08-28,3.39
2008-08-29,3.33
2008-09-01,3.43
2008-09-02,3.5
2008-09-03,3.47
2008-09-04,3.32
2008-09-05,3.35
2008-09-08,3.43
2008-09-09,3.27
2008-09-10,3.29
2008-09-11,3.36
2008-09-12,3.5
2008-09-15,3.43
2008-09-16,3.54
2008-09-17,3.35
2008-09-18,3.46
2008-09-19,3.72
2008-09-22,3.61
2008-09-23,3.57
2008-09-24,3.67
2008-09-25,3.82
2008-09-26,3.82
2008-09-29,3.5
2008-09-30,3.67
2008-10-01,3.82
2008-10-02,3.6
2008-10-03,3.57
2008-10-06,3.31
2008-10-07,3.36
2008-10-08,3.42
2008-10-09,3.36
2008-10-10,3.17
2008-10-13,3.56
2008-10-14,3.45
2008-10-15,3.09
2008-10-16,3.6
2008-10-17,3.36
2008-10-20,3.47
2008-10-21,3.28
2008-10-22,2.68
2008-10-23,2.56
2008-10-24,2.52
2008-10-27,2.26
2008-10-28,2.8
2008-10-29,2.8
2008-10-30,2.92
2008-10-31,2.91
2008-11-03,2.92
2008-11-04,2.92
2008-11-05,2.68
2008-11-06,2.7
2008-11-07,2.66
2008-11-10,2.68
2008-11-11,2.82
2008-11-12,2.7
2008-11-13,2.75
2008-11-14,2.97
2008-11-17,3.15
2008-11-18,3.07
2008-11-19,3.0
2008-11-21,2.88
2008-11-24,3.2
2008-11-25,3.21
2008-11-26,3.58
2008-11-27,3.79
2008-11-28,3.57
2008-12-01,3.47
2008-12-02,3.45
2008-12-03,3.46
2008-12-04,3.6
2008-12-05,3.61
2008-12-08,4.05
2008-12-09,3.79
2008-12-10,3.79
2008-12-11,3.89
2008-12-12,4.18
2008-12-15,3.65
2008-12-16,3.61
2008-12-17,3.47
2008-12-18,3.4
2008-12-19,3.18
2008-12-22,3.18
2008-12-23,2.99
2008-12-26,2.91
2008-12-29,2.77
2008-12-30,2.74
2009-01-02,2.91
2009-01-05,2.93
2009-01-06,2.95
2009-01-07,2.91
2009-01-08,3.11
2009-01-09,3.0
2009-01-12,2.92
2009-01-13,2.89
2009-01-14,2.75
2009-01-15,2.81
2009-01-16,2.89
2009-01-19,2.8
2009-01-20,2.74
2009-01-21,2.93
2009-01-22,2.99
2009-01-23,3.09
2009-01-26,3.09
2009-01-27,3.14
2009-01-28,3.13
2009-01-29,3.14
2009-01-30,3.11
2009-02-02,2.96
2009-02-03,3.11
2009-02-04,3.11
2009-02-05,3.15
2009-02-06,3.14
2009-02-09,3.1
2009-02-10,3.04
2009-02-11,3.15
2009-02-12,3.18
2009-02-13,3.28
2009-02-16,3.35
2009-02-17,3.22
2009-02-18,3.29
2009-02-19,3.25
2009-02-20,3.42
2009-02-25,3.27
2009-02-26,3.22
2009-02-27,3.13
2009-03-02,3.02
2009-03-03,3.09
2009-03-04,3.02
2009-03-05,2.92
2009-03-06,2.92
2009-03-09,2.92
2009-03-10,3.0
2009-03-11,3.02
2009-03-12,2.97
2009-03-13,2.93
2009-03-16,2.86
2009-03-17,2.92
2009-03-18,2.91
2009-03-19,2.86
2009-03-20,2.8
2009-03-23,2.91
2009-03-24,2.86
2009-03-25,2.86
2009-03-26,2.84
2009-03-27,2.73
2009-03-30,2.66
2009-03-31,2.68
2009-04-01,2.63
2009-04-02,2.6
2009-04-03,2.56
2009-04-06,2.59
2009-04-07,2.73
2009-04-08,2.77
2009-04-09,2.78
2009-04-13,2.89
2009-04-14,3.09
2009-04-15,3.03
2009-04-16,3.15
2009-04-17,3.15
2009-04-20,3.07
2009-04-22,3.11
2009-04-23,3.17
2009-04-24,3.4
2009-04-27,3.43
2009-04-28,3.46
2009-04-29,3.68
2009-04-30,3.56
2009-05-04,3.63
2009-05-05,3.68
2009-05-06,3.5
2009-05-07,3.32
2009-05-08,3.47
2009-05-11,3.46
2009-05-12,3.61
2009-05-13,3.47
2009-05-14,3.49
2009-05-15,3.46
2009-05-18,3.64
2009-05-19,3.61
2009-05-20,3.5
2009-05-21,3.54
2009-05-22,3.5
2009-05-25,3.54
2009-05-26,3.57
2009-05-27,3.63
2009-05-28,3.67
2009-05-29,3.83
2009-06-01,3.82
2009-06-02,3.83
2009-06-03,3.67
2009-06-04,3.81
2009-06-05,3.79
2009-06-08,3.85
2009-06-09,3.79
2009-06-10,3.75
2009-06-12,3.67
2009-06-15,3.57
2009-06-16,3.43
2009-06-17,3.47
2009-06-18,3.43
2009-06-19,3.35
2009-06-22,3.29
2009-06-23,3.31
2009-06-24,3.28
2009-06-25,3.36
2009-06-26,3.4
2009-06-29,3.35
2009-06-30,3.38
2009-07-01,3.29
2009-07-02,3.25
2009-07-03,3.32
2009-07-06,3.29
2009-07-07,3.29
2009-07-08,3.29
2009-07-10,3.43
2009-07-13,3.36
2009-07-14,3.46
2009-07-15,3.57
2009-07-16,3.65
2009-07-17,3.65
2009-07-20,3.79
2009-07-21,3.76
2009-07-22,3.79
2009-07-23,3.85
2009-07-24,3.92
2009-07-27,3.82
2009-07-28,3.97
2009-07-29,4.05
2009-07-30,4.01
2009-07-31,4.05
2009-08-03,4.0
2009-08-04,4.19
2009-08-05,4.15
2009-08-06,4.05
2009-08-07,4.05
2009-08-10,4.16
2009-08-11,4.07
2009-08-12,4.1
2009-08-13,4.05
2009-08-14,4.0
2009-08-17,3.9
2009-08-18,3.89
2009-08-19,3.92
2009-08-20,3.9
2009-08-21,3.93
2009-08-24,3.93
2009-08-25,3.85
2009-08-26,3.89
2009-08-27,3.83
2009-08-28,3.93
2009-08-31,3.83
2009-09-01,3.87
2009-09-02,3.82
2009-09-03,3.85
2009-09-04,3.97
2009-09-08,4.15
2009-09-09,4.18
2009-09-10,4.12
2009-09-11,4.15
2009-09-14,4.26
2009-09-15,4.26
2009-09-16,4.44
2009-09-17,4.44
2009-09-18,4.44
2009-09-21,4.44
2009-09-22,4.39
2009-09-23,4.23
2009-09-24,4.3
2009-09-25,4.23
2009-09-28,4.25
2009-09-29,4.21
2009-09-30,4.28
2009-10-01,4.21
2009-10-02,4.32
2009-10-05,4.48
2009-10-06,4.52
2009-10-07,4.62
2009-10-08,4.8
2009-10-09,4.73
2009-10-13,4.8
2009-10-14,4.76
2009-10-15,4.77
2009-10-16,4.8
2009-10-19,4.84
2009-10-20,4.66
2009-10-21,4.76
2009-10-22,4.62
2009-10-23,4.55
2009-10-26,4.55
2009-10-27,4.39
2009-10-28,4.18
2009-10-29,4.46
2009-10-30,4.03
2009-11-03,3.96
2009-11-04,4.12
2009-11-05,4.12
2009-11-06,4.15
2009-11-09,4.19
2009-11-10,4.21
2009-11-11,4.26
2009-11-12,4.14
2009-11-13,4.25
2009-11-16,4.46
2009-11-17,4.5
2009-11-18,4.44
2009-11-19,4.32
2009-11-23,4.21
2009-11-24,4.37
2009-11-25,4.41
2009-11-26,4.41
2009-11-27,4.5
2009-11-30,4.5
2009-12-01,4.7
2009-12-02,4.62
2009-12-03,4.55
2009-12-04,4.55
2009-12-07,4.7
2009-12-08,4.69
2009-12-09,4.69
2009-12-10,4.62
2009-12-11,4.77
2009-12-14,5.05
2009-12-15,4.98
2009-12-16,4.87
2009-12-17,4.7
2009-12-18,4.69
2009-12-21,4.82
2009-12-22,4.88
2009-12-23,4.87
2009-12-28,4.87
2009-12-29,4.95
2009-12-30,4.95
2010-01-04,5.05
2010-01-05,5.12
2010-01-06,5.2
2010-01-07,5.01
2010-01-08,5.02
2010-01-11,5.05
2010-01-12,5.02
2010-01-13,5.02
2010-01-14,5.01
2010-01-15,5.01
2010-01-18,5.12
2010-01-19,4.98
2010-01-20,4.94
2010-01-21,4.82
2010-01-22,5.05
2010-01-26,4.88
2010-01-27,4.87
2010-01-28,4.91
2010-01-29,4.8
2010-02-01,4.82
2010-02-02,5.05
2010-02-03,4.98
2010-02-04,4.73
2010-02-05,4.57
2010-02-08,4.66
2010-02-09,4.84
2010-02-10,4.8
2010-02-11,5.05
2010-02-12,5.09
2010-02-17,5.06
2010-02-18,5.01
2010-02-19,5.06
2010-02-22,4.95
2010-02-23,4.73
2010-02-24,5.01
2010-02-25,5.02
2010-02-26,4.98
2010-03-01,4.94
2010-03-02,4.98
2010-03-03,5.02
2010-03-04,5.09
2010-03-05,5.16
2010-03-08,5.09
2010-03-09,5.19
2010-03-10,5.23
2010-03-11,5.23
2010-03-12,5.13
2010-03-15,5.05
2010-03-16,5.06
2010-03-17,5.06
2010-03-18,5.02
2010-03-19,4.84
2010-03-22,4.87
2010-03-23,4.82
2010-03-24,4.77
2010-03-25,4.76
2010-03-26,4.76
2010-03-29,4.82
2010-03-30,4.8
2010-03-31,4.82
2010-04-01,4.77
2010-04-05,4.77
2010-04-06,4.73
2010-04-07,4.7
2010-04-08,4.73
2010-04-09,4.77
2010-04-12,4.76
2010-04-13,4.64
2010-04-14,4.64
2010-04-15,4.64
2010-04-16,4.55
2010-04-19,4.44
2010-04-20,4.48
2010-04-22,4.44
2010-04-23,4.41
2010-04-26,4.34
2010-04-27,4.3
2010-04-28,4.26
2010-04-29,4.37
2010-04-30,4.51
2010-05-03,4.57
2010-05-04,4.44
2010-05-05,4.41
2010-05-06,4.37
2010-05-07,4.32
2010-05-10,4.55
2010-05-11,4.8
2010-05-12,4.84
2010-05-13,4.94
2010-05-14,4.77
2010-05-17,4.8
2010-05-18,4.73
2010-05-19,4.77
2010-05-20,4.51
2010-05-21,4.5
2010-05-24,4.62
2010-05-25,4.55
2010-05-26,4.69
2010-05-27,4.95
2010-05-28,4.8
2010-05-31,4.94
2010-06-01,4.84
2010-06-02,4.91
2010-06-04,4.87
2010-06-07,4.8
2010-06-08,4.84
2010-06-09,4.76
2010-06-10,4.91
2010-06-11,5.02
2010-06-14,4.98
2010-06-15,5.02
2010-06-16,5.06
2010-06-17,4.88
2010-06-18,4.91
2010-06-21,4.87
2010-06-22,4.98
2010-06-23,5.05
2010-06-24,5.02
2010-06-25,5.05
2010-06-28,5.06
2010-06-29,4.98
2010-06-30,4.84
2010-07-01,4.91
2010-07-02,4.88
2010-07-05,4.84
2010-07-06,4.8
2010-07-07,4.84
2010-07-08,4.8
2010-07-12,4.69
2010-07-13,4.76
2010-07-14,4.7
2010-07-15,4.7
2010-07-16,4.69
2010-07-19,4.73
2010-07-20,4.73
2010-07-21,4.7
2010-07-22,4.76
2010-07-23,4.7
2010-07-26,4.8
2010-07-27,4.84
2010-07-28,4.95
2010-07-29,4.87
2010-07-30,5.05
2010-08-02,5.2
2010-08-03,5.02
2010-08-04,5.23
2010-08-05,5.51
2010-08-06,5.42
2010-08-09,5.3
2010-08-10,5.13
2010-08-11,5.09
2010-08-12,4.98
2010-08-13,5.02
2010-08-16,4.98
2010-08-17,4.95
2010-08-18,5.01
2010-08-19,5.01
2010-08-20,4.98
2010-08-23,4.91
2010-08-24,4.87
2010-08-25,4.76
2010-08-26,4.73
2010-08-27,4.84
2010-08-30,4.87
2010-08-31,4.95
2010-09-01,5.12
2010-09-02,5.05
2010-09-03,5.05
2010-09-06,5.01
2010-09-08,5.09
2010-09-09,5.13
2010-09-10,5.27
2010-09-13,5.24
2010-09-14,5.33
2010-09-15,5.37
2010-09-16,5.44
2010-09-17,5.34
2010-09-20,5.52
2010-09-21,5.44
2010-09-22,5.45
2010-09-23,5.58
2010-09-24,5.51
2010-09-27,5.52
2010-09-28,5.52
2010-09-29,5.45
2010-09-30,5.45
2010-10-01,5.51
2010-10-04,5.45
2010-10-05,5.41
2010-10-06,5.37
2010-10-07,5.38
2010-10-08,5.58
2010-10-11,5.58
2010-10-13,5.48
2010-10-14,5.52
2010-10-15,5.45
2010-10-18,5.42
2010-10-19,5.24
2010-10-20,5.38
2010-10-21,5.33
2010-10-22,5.23
2010-10-25,5.45
2010-10-26,5.63
2010-10-27,5.45
2010-10-28,5.58
2010-10-29,5.58
2010-11-01,5.77
2010-11-03,5.74
2010-11-04,5.87
2010-11-05,5.83
2010-11-08,5.8
2010-11-09,5.89
2010-11-10,5.9
2010-11-11,5.86
2010-11-12,5.73
2010-11-16,5.69
2010-11-17,5.77
2010-11-18,5.77
2010-11-19,5.77
2010-11-22,5.63
2010-11-23,5.44
2010-11-24,5.58
2010-11-25,5.59
2010-11-26,5.45
2010-11-29,5.53
2010-11-30,5.53
2010-12-01,5.76
2010-12-02,5.75
2010-12-03,5.79
2010-12-06,5.68
2010-12-07,5.6
2010-12-08,5.58
2010-12-09,5.62
2010-12-10,5.73
2010-12-13,5.76
2010-12-14,5.65
2010-12-15,5.63
2010-12-16,5.57
2010-12-17,5.5
2010-12-20,5.45
2010-12-21,5.52
2010-12-22,5.67
2010-12-23,5.67
2010-12-27,5.7
2010-12-28,5.6
2010-12-29,5.63
2010-12-30,5.51
2011-01-03,5.63
2011-01-04,5.63
2011-01-05,5.67
2011-01-06,5.67
2011-01-07,5.66
2011-01-10,5.76
2011-01-11,6.0
2011-01-12,5.99
2011-01-13,5.91
2011-01-14,6.14
2011-01-17,5.88
2011-01-18,6.08
2011-01-19,5.94
2011-01-20,6.16
2011-01-21,6.1
2011-01-24,6.35
2011-01-26,6.35
2011-01-27,6.31
2011-01-28,6.19
2011-01-31,6.16
2011-02-01,6.14
2011-02-02,6.19
2011-02-03,6.14
2011-02-04,6.0
2011-02-07,6.13
2011-02-08,6.13
2011-02-09,5.89
2011-02-10,5.96
2011-02-11,6.02
2011-02-14,5.96
2011-02-15,5.99
2011-02-16,6.23
2011-02-17,6.08
2011-02-18,6.1
2011-02-21,6.09
2011-02-22,6.08
2011-02-23,6.17
2011-02-24,6.13
2011-02-25,6.13
2011-02-28,6.31
2011-03-01,6.32
2011-03-02,6.36
2011-03-03,6.5
2011-03-04,6.35
2011-03-09,6.32
2011-03-10,6.28
2011-03-11,6.44
2011-03-14,6.35
2011-03-15,6.35
2011-03-16,6.22
2011-03-17,6.16
2011-03-18,6.37
2011-03-21,6.5
2011-03-22,6.55
2011-03-23,6.8
2011-03-24,6.94
2011-03-25,7.06
2011-03-28,7.12
2011-03-29,6.86
2011-03-30,6.91
2011-03-31,7.01
2011-04-01,6.98
2011-04-04,7.12
2011-04-05,7.2
2011-04-06,7.23
2011-04-07,7.11
2011-04-08,7.07
2011-04-11,7.09
2011-04-12,6.88
2011-04-13,7.12
2011-04-14,6.98
2011-04-15,7.0
2011-04-18,7.11
2011-04-19,7.06
2011-04-20,7.19
2011-04-25,7.2
2011-04-26,7.31
2011-04-27,7.27
2011-04-28,7.31
2011-04-29,7.22
2011-05-02,7.14
2011-05-03,7.02
2011-05-04,6.99
2011-05-05,6.94
2011-05-06,7.48
2011-05-09,7.3
2011-05-10,7.25
2011-05-11,7.23
2011-05-12,7.34
2011-05-13,7.21
2011-05-16,7.23
2011-05-17,7.44
2011-05-18,7.66
2011-05-19,7.68
2011-05-20,7.61
2011-05-23,7.53
2011-05-24,7.47
2011-05-25,7.56
2011-05-26,7.81
2011-05-27,7.75
2011-05-30,7.48
2011-05-31,7.59
2011-06-01,7.56
2011-06-02,7.66
2011-06-03,7.7
2011-06-06,7.7
2011-06-07,7.72
2011-06-08,7.44
2011-06-09,7.61
2011-06-10,7.58
2011-06-13,7.61
2011-06-14,7.64
2011-06-15,7.65
2011-06-16,7.48
2011-06-17,7.38
2011-06-20,7.41
2011-06-21,7.43
2011-06-22,7.42
2011-06-24,7.6
2011-06-27,7.64
2011-06-28,7.7
2011-06-29,7.52
2011-06-30,7.55
2011-07-01,7.54
2011-07-04,7.43
2011-07-05,7.4
2011-07-06,7.41
2011-07-07,7.44
2011-07-08,7.66
2011-07-11,7.47
2011-07-12,7.6
2011-07-13,7.7
2011-07-14,7.46
2011-07-15,7.42
2011-07-18,7.39
2011-07-19,7.48
2011-07-20,7.48
2011-07-21,7.55
2011-07-22,7.47
2011-07-25,7.5
2011-07-26,7.56
2011-07-27,7.45
2011-07-28,7.55
2011-07-29,7.65
2011-08-01,7.86
