Date,Open,Adj Close
2017-12-26,19.02666664123535,15.062790870666504
2017-12-27,19.633333206176758,15.06791877746582
2017-12-28,19.523332595825195,15.357630729675293
2017-12-29,19.966665267944336,15.357630729675293
2018-01-02,19.600000381469727,15.540441513061523
2018-01-03,19.68666648864746,15.406087875366211
2018-01-04,19.503332138061523,15.282269477844238
2018-01-05,19.34000015258789,15.398183822631836
2018-01-08,19.5,15.305983543395996
2018-01-09,19.44333267211914,14.93716049194336
2018-01-10,18.913333892822266,14.866031646728516
2018-01-11,18.809999465942383,14.916086196899414
2018-01-12,18.873332977294922,14.739577293395996
2018-01-15,18.770000457763672,14.895009994506836
2018-01-16,18.956666946411133,14.713236808776855
2018-01-17,18.65999984741211,14.518288612365723
2018-01-18,18.426666259765625,14.557804107666016
2018-01-19,18.5,14.489311218261719
2018-01-22,18.433332443237305,14.436622619628906
2018-01-23,18.336666107177734,14.304901123046875
2018-01-24,18.239999771118164,15.092591285705566
2018-01-25,19.09666633605957,15.092591285705566
2018-01-26,19.176666259765625,15.408723831176758
2018-01-29,19.583332061767578,15.279635429382324
2018-01-30,19.29666519165039,15.147912979125977
2018-01-31,19.336666107177734,15.308612823486328
2018-02-01,19.446666717529297,15.37183952331543
2018-02-02,19.356666564941406,15.216408729553223
2018-02-05,19.206666946411133,15.132108688354492
2018-02-06,19.0,15.08995532989502
2018-02-07,19.190000534057617,15.08995532989502
2018-02-08,19.183332443237305,14.939794540405273
2018-02-09,18.90333366394043,14.726405143737793
2018-02-14,18.633333206176758,14.910815238952637
2018-02-15,18.996665954589844,14.934523582458496
2018-02-16,18.90333366394043,14.713236808776855
2018-02-19,18.656665802001953,14.61839771270752
2018-02-20,18.483333587646484,14.555169105529785
2018-02-21,18.446666717529297,14.489311218261719
2018-02-22,18.399999618530273,14.35759162902832
2018-02-23,18.22333335876465,14.37076187133789
2018-02-26,18.3266658782959,14.347050666809082
2018-02-27,18.15333366394043,14.075706481933594
2018-02-28,17.829999923706055,14.094148635864258
2018-03-01,17.833332061767578,14.04145622253418
2018-03-02,17.700000762939453,14.246943473815918
2018-03-05,18.02666664123535,14.225869178771973
2018-03-06,18.09000015258789,14.252212524414062
2018-03-07,18.040000915527344,14.225869178771973
2018-03-08,18.100000381469727,14.225869178771973
2018-03-09,18.100000381469727,14.581515312194824
2018-03-12,18.5,14.866031646728516
2018-03-13,18.93000030517578,15.074151992797852
2018-03-14,19.09666633605957,15.100494384765625
2018-03-15,19.066665649414062,15.118939399719238
2018-03-16,19.163333892822266,14.968775749206543
2018-03-19,18.780000686645508,14.752751350402832
2018-03-20,18.823333740234375,14.82651424407959
2018-03-21,18.696666717529297,14.871299743652344
2018-03-22,18.81333351135254,14.955601692199707
2018-03-23,18.836666107177734,15.147912979125977
2018-03-26,19.213333129882812,15.403456687927246
2018-03-27,19.626665115356445,15.35866641998291
2018-03-28,19.366666793823242,15.674797058105469
2018-03-29,20.083332061767578,15.8065185546875
2018-04-02,19.966665267944336,15.674797058105469
2018-04-03,19.996665954589844,15.793349266052246
2018-04-04,19.833332061767578,15.774906158447266
2018-04-05,20.093332290649414,15.76700496673584
2018-04-06,19.946666717529297,15.65108871459961
2018-04-09,19.953332901000977,15.543079376220703
2018-04-10,19.65999984741211,15.65108871459961
2018-04-11,19.746665954589844,15.516730308532715
2018-04-12,19.66666603088379,15.334956169128418
2018-04-13,19.360000610351562,15.22957992553711
2018-04-16,19.286666870117188,15.2216796875
2018-04-17,19.22333335876465,15.3507661819458
2018-04-18,19.479999542236328,15.174261093139648
2018-04-19,19.200000762939453,15.200604438781738
2018-04-20,19.10333251953125,15.37183952331543
2018-04-23,19.450000762939453,15.508829116821289
2018-04-24,19.663333892822266,15.432433128356934
2018-04-25,19.363332748413086,15.395550727844238
2018-04-26,19.600000381469727,15.595765113830566
2018-04-27,19.8799991607666,15.686912536621094
2018-04-30,19.896665573120117,15.560321807861328
2018-05-02,19.530000686645508,15.296586036682129
2018-05-03,19.333332061767578,15.191094398498535
2018-05-04,19.036666870117188,15.37570571899414
2018-05-07,19.329999923706055,15.114609718322754
2018-05-08,19.126665115356445,15.032851219177246
2018-05-09,19.366666793823242,15.402076721191406
2018-05-10,19.496665954589844,15.425816535949707
2018-05-11,19.483333587646484,15.26757526397705
2018-05-14,19.333332061767578,14.755928039550781
2018-05-15,18.496665954589844,14.24165153503418
2018-05-16,17.966665267944336,14.473734855651855
2018-05-17,18.17333221435547,14.062309265136719
2018-05-18,17.66666603088379,13.977916717529297
2018-05-21,17.690000534057617,13.764289855957031
2018-05-22,17.56999969482422,14.05703353881836
2018-05-23,17.713333129882812,13.846049308776855
2018-05-24,17.40999984741211,13.88296890258789
2018-05-25,17.469999313354492,13.753742218017578
2018-05-28,17.10333251953125,13.26583194732666
2018-05-29,16.933332443237305,13.060118675231934
2018-05-30,16.50666618347168,13.207810401916504
2018-06-01,16.66666603088379,13.490006446838379
2018-06-04,17.286666870117188,13.490006446838379
2018-06-05,16.833332061767578,12.9097900390625
2018-06-06,16.333332061767578,12.624957084655762
2018-06-07,15.666666030883789,12.218807220458984
2018-06-08,15.366665840148926,12.305839538574219
2018-06-11,15.600000381469727,12.282102584838867
2018-06-12,15.403332710266113,12.421883583068848
2018-06-13,15.670000076293945,12.6592435836792
2018-06-14,16.0,12.553750038146973
2018-06-15,15.866665840148926,12.611771583557129
2018-06-18,15.720000267028809,12.569574356079102
2018-06-19,15.729999542236328,12.922977447509766
2018-06-20,16.333332061767578,12.936165809631348
2018-06-21,16.146665573120117,13.025835037231445
2018-06-22,16.559999465942383,13.007372856140137
2018-06-25,16.376665115356445,12.527376174926758
2018-06-26,15.866665840148926,12.171334266662598
2018-06-27,15.603333473205566,11.999906539916992
2018-06-28,15.036665916442871,12.210895538330078
2018-06-29,15.5600004196167,12.514188766479492
2018-07-02,15.683333396911621,12.474629402160645
2018-07-03,15.390000343322754,12.665948867797852
2018-07-04,15.336666107177734,12.88432502746582
2018-07-05,15.766666412353516,12.783326148986816
2018-07-06,15.453332901000977,12.982597351074219
2018-07-10,15.713333129882812,12.99351692199707
2018-07-11,15.763333320617676,12.854300498962402
2018-07-12,15.716666221618652,12.742383003234863
2018-07-13,15.5,12.690515518188477
2018-07-16,15.496665954589844,12.551299095153809
2018-07-17,15.333333015441895,12.70689582824707
2018-07-18,15.5,12.493975639343262
2018-07-19,15.166666030883789,12.362950325012207
2018-07-20,15.216666221618652,12.458488464355469
2018-07-23,15.25333309173584,12.428462028503418
2018-07-24,15.239999771118164,12.330191612243652
2018-07-25,15.056666374206543,12.444839477539062
2018-07-26,15.066665649414062,12.330191612243652
2018-07-27,15.056666374206543,12.308354377746582
2018-07-30,15.09666633605957,12.267406463623047
2018-07-31,14.963333129882812,12.15276050567627
2018-08-01,14.733332633972168,12.174596786499023
2018-08-02,14.850000381469727,12.182785987854004
2018-08-03,14.989999771118164,12.253758430480957
2018-08-06,14.996665954589844,12.305624008178711
2018-08-07,15.026665687561035,12.185516357421875
2018-08-08,15.303333282470703,12.365678787231445
2018-08-09,15.233332633972168,12.33838176727295
2018-08-10,15.00333309173584,12.20189380645752
2018-08-13,14.933333396911621,12.502164840698242
2018-08-14,15.336666107177734,12.786056518554688
2018-08-15,15.613332748413086,12.676867485046387
2018-08-16,15.539999961853027,12.649569511413574
2018-08-17,15.333333015441895,12.414813995361328
2018-08-20,15.166666030883789,12.31108283996582
2018-08-21,14.94333267211914,12.092705726623535
2018-08-22,14.720000267028809,12.1909761428833
2018-08-23,14.890000343322754,11.847029685974121
2018-08-24,14.466666221618652,12.00808334350586
2018-08-27,14.569999694824219,11.997163772583008
2018-08-28,14.649999618530273,11.983514785766602
2018-08-29,14.613332748413086,12.106353759765625
2018-08-30,14.676666259765625,11.82246208190918
2018-08-31,14.399999618530273,11.983514785766602
2018-09-03,14.59000015258789,11.73784065246582
2018-09-04,14.329999923706055,11.544031143188477
2018-09-05,14.113332748413086,11.819732666015625
2018-09-06,14.50333309173584,11.735112190246582
2018-09-10,14.35666561126709,11.91527271270752
2018-09-11,14.399999618530273,11.729650497436523
2018-09-12,14.336666107177734,11.73784065246582
2018-09-13,14.380000114440918,11.604083061218262
2018-09-14,14.166666030883789,11.505812644958496
2018-09-17,14.066665649414062,11.609542846679688
2018-09-18,14.220000267028809,11.65867805480957
2018-09-19,14.229999542236328,11.68051528930664
2018-09-20,14.333333015441895,11.519462585449219
2018-09-21,14.09666633605957,11.554948806762695
2018-09-24,14.143333435058594,11.511271476745605
2018-09-25,14.020000457763672,11.500353813171387
2018-09-26,14.103333473205566,11.374786376953125
2018-09-27,13.85666561126709,11.388435363769531
2018-09-28,13.880000114440918,11.31200122833252
2018-10-01,13.813332557678223,11.292893409729004
2018-10-02,13.886666297912598,11.464868545532227
2018-10-03,14.083333015441895,11.808813095092773
2018-10-04,14.276665687561035,11.773327827453613
2018-10-05,14.473333358764648,11.874327659606934
2018-10-08,15.666666030883789,12.652300834655762
2018-10-09,15.483332633972168,12.966217994689941
2018-10-10,15.6899995803833,12.857029914855957
2018-10-11,15.800000190734863,12.802433967590332
2018-10-15,15.666666030883789,12.816082954406738
2018-10-16,15.703332901000977,12.802433967590332
2018-10-17,15.633333206176758,12.963489532470703
2018-10-18,15.880000114440918,12.941651344299316
2018-10-19,15.963333129882812,12.99351692199707
2018-10-22,15.880000114440918,13.102705001831055
2018-10-23,15.970000267028809,13.299246788024902
2018-10-24,16.29666519165039,13.244650840759277
2018-10-25,16.206666946411133,13.162760734558105
2018-10-26,16.073333740234375,13.514893531799316
2018-10-29,16.913333892822266,13.626811981201172
2018-10-30,16.92333221435547,14.093596458435059
2018-10-31,17.24333381652832,14.099055290222168
2018-11-01,17.25,14.331085205078125
2018-11-05,17.50666618347168,14.5440034866333
2018-11-06,17.799999237060547,14.49759578704834
2018-11-07,17.72333335876465,14.333810806274414
2018-11-08,17.516666412353516,14.15638256072998
2018-11-09,17.286666870117188,14.309246063232422
2018-11-12,17.536666870117188,14.617707252502441
2018-11-13,17.989999771118164,14.713244438171387
2018-11-14,17.906665802001953,14.6722993850708
2018-11-16,17.94333267211914,14.6722993850708
2018-11-19,17.81999969482422,14.5631103515625
2018-11-21,17.78333282470703,14.685948371887207
2018-11-22,17.983333587646484,14.64773178100586
2018-11-23,17.88666534423828,14.868840217590332
2018-11-26,18.1299991607666,14.721434593200684
2018-11-27,18.016666412353516,15.365650177001953
2018-11-28,18.663333892822266,15.723249435424805
2018-11-29,19.213333129882812,15.734164237976074
2018-11-30,19.170000076293945,15.600408554077148
2018-12-03,19.206666946411133,15.859736442565918
2018-12-04,19.366666793823242,15.837894439697266
2018-12-05,19.34000015258789,15.949813842773438
2018-12-06,19.426666259765625,16.187299728393555
2018-12-07,19.746665954589844,16.10540771484375
2018-12-10,19.866666793823242,16.04535675048828
2018-12-11,19.696666717529297,16.228246688842773
2018-12-12,19.56333351135254,15.556733131408691
2018-12-13,19.049999237060547,15.463923454284668
2018-12-14,18.883333206176758,15.543084144592285
2018-12-17,18.739999771118164,15.663188934326172
2018-12-18,19.133333206176758,15.79694652557373
2018-12-19,19.290000915527344,15.723249435424805
2018-12-20,19.036666870117188,15.695947647094727
2018-12-21,19.146665573120117,15.865191459655762
2018-12-26,19.25,15.83243465423584
2018-12-27,19.336666107177734,16.072649002075195
2018-12-28,19.626665115356445,16.787841796875
2019-01-02,20.133333206176758,17.075912475585938
2019-01-03,20.266666412353516,18.240497589111328
2019-01-04,21.833332061767578,18.181570053100586
2019-01-07,21.600000381469727,17.89252471923828
2019-01-08,21.393333435058594,17.819564819335938
2019-01-09,21.170000076293945,18.133865356445312
2019-01-10,21.6200008392334,18.352746963500977
2019-01-11,21.799999237060547,19.082368850708008
2019-01-14,22.536666870117188,20.204862594604492
2019-01-15,23.933332443237305,20.482677459716797
2019-01-16,24.17333221435547,20.204862594604492
2019-01-17,23.983333587646484,20.940092086791992
2019-01-18,24.8700008392334,20.622989654541016
2019-01-21,24.216665267944336,20.204862594604492
2019-01-22,23.983333587646484,20.095420837402344
2019-01-23,23.899999618530273,20.33114242553711
2019-01-24,24.149999618530273,20.813814163208008
2019-01-28,24.68000030517578,20.4995174407959
2019-01-29,24.350000381469727,20.754878997802734
2019-01-30,24.65333366394043,20.760498046875
2019-01-31,24.65999984741211,20.7689151763916
2019-02-01,24.663333892822266,21.7482852935791
2019-02-04,25.79666519165039,21.69216537475586
2019-02-05,26.170000076293945,21.327350616455078
2019-02-06,25.753332138061523,21.046730041503906
2019-02-07,25.163333892822266,20.681917190551758
2019-02-08,24.639999389648438,20.96815299987793
2019-02-11,24.906665802001953,20.322721481323242
2019-02-12,24.0,20.729623794555664
2019-02-13,24.553333282470703,20.465843200683594
2019-02-14,24.333332061767578,20.693145751953125
2019-02-15,24.56333351135254,20.707176208496094
2019-02-18,24.600000381469727,21.08882713317871
2019-02-19,25.073333740234375,21.22913360595703
2019-02-20,25.209999084472656,21.06637191772461
2019-02-21,24.883333206176758,21.119691848754883
2019-02-22,25.633333206176758,22.186059951782227
2019-02-25,26.333332061767578,22.42178726196289
2019-02-26,26.233333587646484,22.132741928100586
2019-02-27,26.266666412353516,22.05978012084961
2019-02-28,26.25,21.661298751831055
2019-03-01,25.766666412353516,21.38347625732422
2019-03-06,25.420000076293945,21.658489227294922
2019-03-07,26.056665420532227,21.63323211669922
2019-03-08,25.649999618530273,22.323566436767578
2019-03-11,26.51333236694336,22.259023666381836
2019-03-12,26.440000534057617,22.371273040771484
2019-03-13,26.433332443237305,22.107486724853516
2019-03-14,26.479999542236328,21.922277450561523
2019-03-15,26.176666259765625,22.166418075561523
2019-03-18,25.983333587646484,21.913856506347656
2019-03-19,26.116666793823242,21.7258358001709
2019-03-20,26.04666519165039,21.787572860717773
2019-03-21,25.93000030517578,21.4957275390625
2019-03-22,25.613332748413086,21.13372230529785
2019-03-25,25.100000381469727,21.057950973510742
2019-03-26,25.16666603088379,20.869937896728516
2019-03-27,24.81333351135254,20.232919692993164
2019-03-28,24.093332290649414,20.802589416503906
2019-03-29,24.809999465942383,20.81100845336914
2019-04-01,25.06999969482422,20.760498046875
2019-04-02,24.78333282470703,20.477062225341797
2019-04-03,24.63666534423828,20.9990234375
2019-04-04,25.31999969482422,21.48450469970703
2019-04-05,25.836666107177734,21.697772979736328
2019-04-08,26.040000915527344,21.63604164123535
2019-04-09,25.586666107177734,21.43679428100586
2019-04-10,25.983333587646484,21.745481491088867
2019-04-11,26.0,21.638845443725586
2019-04-12,25.913333892822266,21.753902435302734
2019-04-15,25.976665496826172,21.734256744384766
2019-04-16,27.16666603088379,22.83991050720215
2019-04-17,27.133333206176758,22.806238174438477
2019-04-18,27.06999969482422,22.71363067626953
2019-04-22,26.979999542236328,22.68556785583496
2019-04-23,26.786666870117188,22.449844360351562
2019-04-24,26.793333053588867,22.388107299804688
2019-04-25,26.463333129882812,22.698331832885742
2019-04-26,26.593332290649414,22.49376678466797
2019-04-29,26.389999389648438,22.303407669067383
2019-04-30,26.233333587646484,22.274993896484375
2019-05-02,26.226665496826172,21.982351303100586
2019-05-03,25.770000457763672,22.303407669067383
2019-05-06,25.799999237060547,22.445465087890625
2019-05-07,26.333332061767578,22.672761917114258
2019-05-08,26.66666603088379,23.013708114624023
2019-05-09,26.996665954589844,22.854598999023438
2019-05-10,26.829999923706055,22.630144119262695
2019-05-13,26.5,21.5334415435791
2019-05-14,25.016666412353516,20.96804428100586
2019-05-15,24.309999465942383,20.96520233154297
2019-05-16,24.553333282470703,20.36570930480957
2019-05-17,23.979999542236328,19.999195098876953
2019-05-20,23.633333206176758,20.456628799438477
2019-05-21,24.133333206176758,20.59868812561035
2019-05-22,24.329999923706055,19.575857162475586
2019-05-23,22.433332443237305,18.777481079101562
2019-05-24,21.899999618530273,18.703611373901367
2019-05-27,21.989999771118164,18.862712860107422
2019-05-28,22.203332901000977,18.950794219970703
2019-05-29,22.350000381469727,19.206499099731445
2019-05-30,22.5766658782959,19.743486404418945
2019-05-31,23.196666717529297,20.49072265625
2019-06-03,24.149999618530273,20.851552963256836
2019-06-04,24.700000762939453,21.689708709716797
2019-06-05,25.469999313354492,21.84881591796875
2019-06-06,25.633333206176758,21.77778434753418
2019-06-07,25.466665267944336,21.522075653076172
2019-06-10,25.200000762939453,21.203861236572266
2019-06-11,24.889999389648438,21.24363899230957
2019-06-12,24.94333267211914,21.053281784057617
2019-06-13,24.709999084472656,21.735166549682617
2019-06-14,25.5,21.877227783203125
2019-06-17,25.733333587646484,21.88290786743164
2019-06-18,25.81999969482422,21.877227783203125
2019-06-19,25.67333221435547,22.445465087890625
2019-06-21,26.299999237060547,22.985292434692383
2019-06-24,26.729999542236328,22.84323501586914
2019-06-25,26.766666412353516,22.38296127319336
2019-06-26,26.28333282470703,22.303407669067383
2019-06-27,26.163333892822266,22.360231399536133
2019-06-28,26.270000457763672,22.942676544189453
2019-07-01,26.833332061767578,23.058942794799805
2019-07-02,26.639999389648438,23.282562255859375
2019-07-03,26.829999923706055,23.433576583862305
2019-07-04,26.896665573120117,23.70947265625
2019-07-05,27.266666412353516,23.61073112487793
2019-07-08,27.066665649414062,24.450031280517578
2019-07-10,28.083332061767578,24.496498107910156
2019-07-11,28.066665649414062,24.685266494750977
2019-07-12,28.333332061767578,24.19736671447754
2019-07-15,27.773332595825195,24.365808486938477
2019-07-16,27.77666664123535,24.275779724121094
2019-07-17,28.093332290649414,24.447126388549805
2019-07-18,28.239999771118164,24.981489181518555
2019-07-19,28.67333221435547,24.64751434326172
2019-07-22,28.333332061767578,24.10443687438965
2019-07-23,27.670000076293945,24.333866119384766
2019-07-24,28.16666603088379,24.03473663330078
2019-07-25,27.81999969482422,23.9737491607666
2019-07-26,27.446666717529297,24.252548217773438
2019-07-29,27.836666107177734,24.409372329711914
2019-07-30,28.04666519165039,24.688169479370117
2019-07-31,28.266666412353516,24.859516143798828
2019-08-01,28.476665496826172,24.801435470581055
2019-08-02,28.469999313354492,24.40065574645996
2019-08-05,27.966665267944336,24.098628997802734
2019-08-06,27.833332061767578,24.685266494750977
2019-08-07,28.333332061767578,24.450031280517578
2019-08-08,28.059999465942383,24.5429630279541
2019-08-09,28.270000457763672,24.61266326904297
2019-08-12,28.219999313354492,24.374521255493164
2019-08-13,28.299999237060547,24.235124588012695
2019-08-14,27.600000381469727,23.44809913635254
2019-08-15,27.266666412353516,22.27191925048828
2019-08-16,25.833332061767578,22.646554946899414
2019-08-19,25.670000076293945,22.7801456451416
2019-08-20,26.156665802001953,22.739484786987305
2019-08-21,26.303333282470703,23.485855102539062
2019-08-22,27.049999237060547,23.456811904907227
2019-08-23,26.66666603088379,22.942777633666992
2019-08-26,26.406665802001953,22.65236473083496
2019-08-27,26.00666618347168,23.183822631835938
2019-08-28,26.736665725708008,23.93018341064453
2019-08-29,27.53333282470703,24.493593215942383
2019-08-30,28.16666603088379,25.382261276245117
2019-09-02,29.170000076293945,25.527469635009766
2019-09-03,29.299999237060547,25.440343856811523
2019-09-04,29.543333053588867,25.774320602416992
2019-09-05,29.683332443237305,25.800460815429688
2019-09-06,29.77666664123535,25.472291946411133
2019-09-09,29.290000915527344,24.94373321533203
2019-09-10,28.60333251953125,24.685266494750977
2019-09-11,28.646665573120117,25.23415184020996
2019-09-12,29.1299991607666,25.248672485351562
2019-09-13,28.90999984741211,24.96116065979004
2019-09-16,28.700000762939453,24.8885555267334
2019-09-17,28.553333282470703,25.120885848999023
2019-09-18,28.766666412353516,24.9727783203125
2019-09-19,28.68000030517578,25.09185028076172
2019-09-20,28.729999542236328,24.743349075317383
2019-09-23,28.399999618530273,24.38904571533203
2019-09-24,27.99333381652832,24.496498107910156
2019-09-25,28.03333282470703,24.118955612182617
2019-09-26,27.66666603088379,24.10443687438965
2019-09-27,27.486665725708008,23.877910614013672
2019-09-30,27.579999923706055,24.452932357788086
2019-10-01,28.066665649414062,24.36871337890625
2019-10-02,27.92333221435547,24.04635238647461
2019-10-03,27.43666648864746,24.057968139648438
2019-10-04,27.65333366394043,24.162521362304688
2019-10-07,27.729999542236328,23.596208572387695
2019-10-08,27.0,23.631061553955078
2019-10-09,27.53333282470703,24.63880157470703
2019-10-10,28.3799991607666,24.322246551513672
2019-10-11,28.239999771118164,24.78110122680664
2019-10-14,28.503332138061523,24.699787139892578
2019-10-15,28.299999237060547,24.470359802246094
2019-10-16,28.036666870117188,24.801435470581055
2019-10-17,28.56333351135254,25.26319122314453
2019-10-18,29.020000457763672,25.541988372802734
2019-10-21,29.456666946411133,25.47810173034668
2019-10-22,29.25,25.3328914642334
2019-10-23,29.183332443237305,26.035694122314453
2019-10-24,30.0,25.9166259765625
2019-10-25,29.979999542236328,25.977611541748047
2019-10-28,29.66666603088379,25.957284927368164
2019-10-29,29.663333892822266,25.61168670654297
2019-10-30,29.833332061767578,26.087968826293945
2019-10-31,30.0,26.221561431884766
2019-11-01,30.523332595825195,26.468414306640625
2019-11-04,30.549999237060547,26.137340545654297
2019-11-05,29.989999771118164,25.858543395996094
2019-11-06,29.646665573120117,26.064739227294922
2019-11-07,30.0,26.04150390625
2019-11-08,29.946666717529297,25.858543395996094
2019-11-11,29.66666603088379,25.835308074951172
2019-11-12,29.850000381469727,25.777225494384766
2019-11-13,29.600000381469727,25.907913208007812
2019-11-14,29.833332061767578,26.134435653686523
2019-11-18,30.10333251953125,26.32901382446289
2019-11-19,30.43000030517578,26.148958206176758
2019-11-21,30.06999969482422,26.160572052001953
2019-11-22,30.200000762939453,26.37548065185547
2019-11-25,30.633333206176758,26.662992477416992
2019-11-26,30.516666412353516,26.125722885131836
2019-11-27,29.836666107177734,25.774320602416992
2019-11-28,29.56999969482422,26.279644012451172
2019-11-29,30.350000381469727,26.657182693481445
2019-12-02,30.66666603088379,26.41033172607422
2019-12-03,30.216665267944336,26.11410903930664
2019-12-04,30.333332061767578,26.555538177490234
2019-12-05,30.149999618530273,26.552635192871094
2019-12-06,30.466665267944336,26.718170166015625
2019-12-09,30.799999237060547,26.89822769165039
2019-12-10,31.003332138061523,26.825626373291016
2019-12-11,30.953332901000977,27.476154327392578
2019-12-12,31.66666603088379,27.00568199157715
2019-12-13,31.100000381469727,27.26995849609375
2019-12-16,31.483333587646484,27.723007202148438
2019-12-17,32.266666412353516,27.85369110107422
2019-12-18,31.733333587646484,27.531330108642578
2019-12-19,31.66666603088379,27.65330696105957
2019-12-20,31.733333587646484,27.551660537719727
2019-12-23,31.93666648864746,27.705581665039062
2019-12-26,32.099998474121094,28.39967155456543
2019-12-27,33.166664123535156,29.172176361083984
2019-12-30,33.5,29.639747619628906
2020-01-02,33.83333206176758,29.675214767456055
2020-01-03,33.34000015258789,29.226886749267578
2020-01-06,32.666664123535156,28.731369018554688
2020-01-07,32.356666564941406,28.964378356933594
2020-01-08,32.666664123535156,29.079408645629883
2020-01-09,33.003334045410156,28.97617530822754
2020-01-10,32.996665954589844,29.197389602661133
2020-01-13,33.28666687011719,29.279979705810547
2020-01-14,33.31666564941406,29.383209228515625
2020-01-15,33.33333206176758,29.350767135620117
2020-01-16,33.36000061035156,29.560182571411133
2020-01-17,33.496665954589844,29.908226013183594
2020-01-20,33.68333435058594,29.799095153808594
2020-01-21,33.83333206176758,30.105846405029297
2020-01-22,33.810001373291016,30.167787551879883
2020-01-23,34.56666564941406,31.149980545043945
2020-01-24,35.529998779296875,31.335800170898438
2020-01-27,35.119998931884766,30.734098434448242
2020-01-28,34.33333206176758,30.754741668701172
2020-01-29,35.21666717529297,30.804887771606445
2020-01-30,34.1966667175293,30.265121459960938
2020-01-31,33.836666107177734,29.917081832885742
2020-02-03,33.666664123535156,30.262170791625977
2020-02-04,34.470001220703125,30.341808319091797
2020-02-05,34.293331146240234,30.810781478881836
2020-02-06,35.003334045410156,30.282814025878906
2020-02-07,34.93333435058594,30.725248336791992
2020-02-10,34.813331604003906,29.825641632080078
2020-02-11,33.95333480834961,30.61022186279297
2020-02-12,34.73666763305664,30.94056510925293
2020-02-13,34.959999084472656,31.701541900634766
2020-02-14,35.9033317565918,32.03483581542969
2020-02-17,36.27000045776367,32.04368591308594
2020-02-18,36.48666763305664,32.10267639160156
2020-02-19,36.29999923706055,32.67783737182617
2020-02-20,37.0,32.76927185058594
2020-02-21,36.43333435058594,32.400577545166016
2020-02-26,35.973331451416016,31.669097900390625
2020-02-27,35.5,30.67215347290039
2020-02-28,33.356666564941406,29.055814743041992
2020-03-02,33.53333282470703,30.825531005859375
2020-03-03,34.87666702270508,30.68395233154297
2020-03-04,35.62333297729492,32.35928726196289
2020-03-05,36.663333892822266,31.854917526245117
2020-03-06,34.6533317565918,30.026208877563477
2020-03-09,31.066665649414062,27.536806106567383
2020-03-10,31.866666793823242,29.20033836364746
2020-03-11,32.130001068115234,27.78456687927246
2020-03-12,29.34000015258789,24.976613998413086
2020-03-13,29.67333221435547,26.820072174072266
2020-03-16,27.0,23.964923858642578
2020-03-17,27.26333236694336,23.596233367919922
2020-03-18,25.99333381652832,20.286863327026367
2020-03-19,22.766666412353516,21.23661231994629
2020-03-20,25.143333435058594,20.649654388427734
2020-03-23,22.899999618530273,17.670631408691406
2020-03-24,20.656665802001953,17.815156936645508
2020-03-25,20.56333351135254,18.944828033447266
2020-03-26,21.66666603088379,21.575807571411133
2020-03-27,23.66666603088379,21.6112003326416
2020-03-30,25.600000381469727,22.121469497680664
2020-03-31,25.010000228881836,21.103883743286133
2020-04-01,23.649999618530273,20.298662185668945
2020-04-02,23.770000457763672,19.909320831298828
2020-04-03,22.270000457763672,18.458154678344727
2020-04-06,22.200000762939453,19.63501739501953
2020-04-07,22.950000762939453,20.811880111694336
2020-04-08,23.799999237060547,21.856014251708984
2020-04-09,24.899999618530273,22.121469497680664
2020-04-13,25.0,22.02413558959961
2020-04-14,25.600000381469727,22.696630477905273
2020-04-15,25.25,21.988740921020508
2020-04-16,25.18000030517578,21.679040908813477
2020-04-17,25.1200008392334,21.58170509338379
2020-04-20,24.0,21.23661231994629
2020-04-22,24.09000015258789,22.749719619750977
2020-04-23,25.81999969482422,22.236501693725586
2020-04-24,24.719999313354492,20.80303192138672
2020-04-27,23.549999237060547,22.041833877563477
2020-04-28,25.450000762939453,22.563899993896484
2020-04-29,25.84000015258789,23.625728607177734
2020-04-30,26.0,22.829355239868164
2020-05-04,25.299999237060547,22.643537521362305
2020-05-05,25.649999618530273,22.52850341796875
2020-05-06,25.729999542236328,21.979894638061523
2020-05-07,25.0,21.26315689086914
2020-05-08,25.0,21.50206756591797
2020-05-11,24.34000015258789,21.23661231994629
2020-05-12,24.15999984741211,20.112842559814453
2020-05-13,23.010000228881836,19.564228057861328
2020-05-14,21.799999237060547,19.909320831298828
2020-05-15,22.68000030517578,20.192476272583008
2020-05-18,23.440000534057617,20.723392486572266
2020-05-19,23.43000030517578,20.71454620361328
2020-05-20,23.649999618530273,20.926910400390625
2020-05-21,23.600000381469727,21.617103576660156
2020-05-22,24.100000381469727,22.077228546142578
2020-05-25,25.34000015258789,23.590335845947266
2020-05-26,27.200000762939453,23.32487678527832
2020-05-27,27.610000610351562,24.16549301147461
2020-05-28,27.489999771118164,24.20973777770996
2020-05-29,27.350000381469727,24.422101974487305
2020-06-01,27.489999771118164,24.820287704467773
2020-06-02,28.350000381469727,25.775936126708984
2020-06-03,29.899999618530273,26.483823776245117
2020-06-04,30.200000762939453,26.536916732788086
2020-06-05,30.549999237060547,26.39533805847168
2020-06-08,30.6200008392334,27.342138290405273
2020-06-09,30.600000381469727,27.07668113708496
2020-06-10,31.239999771118164,26.651948928833008
2020-06-12,29.25,27.005889892578125
2020-06-15,29.989999771118164,27.19171142578125
2020-06-16,31.5,27.023588180541992
2020-06-17,30.700000762939453,28.31548309326172
2020-06-18,32.22999954223633,28.333179473876953
2020-06-19,32.619998931884766,28.757911682128906
2020-06-22,33.33000183105469,29.279979705810547
2020-06-23,33.900001525878906,28.802154541015625
2020-06-24,33.0,28.50130271911621
2020-06-25,32.900001525878906,28.18275260925293
2020-06-26,31.950000762939453,26.98819351196289
2020-06-29,30.3799991607666,27.59874725341797
2020-06-30,31.420000076293945,28.005781173706055
2020-07-01,31.079999923706055,28.23489761352539
2020-07-02,31.600000381469727,27.866226196289062
2020-07-03,30.989999771118164,28.23489761352539
2020-07-06,31.700000762939453,28.44171142578125
2020-07-07,31.65999984741211,27.785297393798828
2020-07-08,31.200000762939453,28.171953201293945
2020-07-09,31.5,28.082033157348633
2020-07-10,31.350000381469727,28.162960052490234
2020-07-13,31.6299991607666,27.73134422302246
2020-07-14,30.600000381469727,27.40763282775879
2020-07-15,31.1299991607666,29.20603370666504
2020-07-16,32.4900016784668,28.414735794067383
2020-07-17,31.65999984741211,28.729459762573242
2020-07-20,31.899999618530273,28.549617767333984
2020-07-21,32.0,28.21691131591797
2020-07-22,31.31999969482422,28.064048767089844
2020-07-23,31.229999542236328,27.479568481445312
2020-07-24,30.25,27.119888305664062
2020-07-27,30.219999313354492,26.94904136657715
2020-07-28,30.010000228881836,26.6702880859375
2020-07-29,29.399999618530273,26.634321212768555
2020-07-30,29.549999237060547,27.065935134887695
2020-07-31,30.149999618530273,27.443599700927734
2020-08-03,31.299999237060547,27.587474822998047
2020-08-04,30.68000030517578,26.616336822509766
2020-08-05,29.850000381469727,26.328594207763672
2020-08-06,29.520000457763672,26.832143783569336
2020-08-07,30.0,27.200817108154297
2020-08-10,30.639999389648438,26.796175003051758
2020-08-11,29.860000610351562,26.463472366333008
2020-08-12,29.690000534057617,25.99588966369629
2020-08-13,28.93000030517578,25.150638580322266
2020-08-14,28.09000015258789,25.39342498779297
2020-08-17,28.489999771118164,24.422286987304688
2020-08-18,27.700000762939453,25.02475357055664
2020-08-19,27.799999237060547,24.179502487182617
2020-08-20,26.6200008392334,24.098575592041016
2020-08-21,26.670000076293945,24.233457565307617
2020-08-24,27.0,23.91873550415039
2020-08-25,26.799999237060547,25.600238800048828
2020-08-26,28.520000457763672,25.627216339111328
2020-08-27,27.350000381469727,23.963693618774414
2020-08-28,26.93000030517578,24.62910270690918
2020-08-31,27.3799991607666,24.03563117980957
2020-09-01,27.1299991607666,24.28740882873535
2020-09-02,27.190000534057617,24.84490966796875
2020-09-03,27.690000534057617,24.638097763061523
2020-09-04,27.6299991607666,24.997774124145508
2020-09-08,27.579999923706055,25.47435188293457
2020-09-09,28.290000915527344,25.645198822021484
2020-09-10,28.600000381469727,24.880878448486328
2020-09-11,28.0,24.413293838500977
2020-09-14,27.5,24.422286987304688
2020-09-15,27.260000228881836,24.098575592041016
2020-09-16,26.90999984741211,24.332366943359375
2020-09-17,26.860000610351562,24.278413772583008
2020-09-18,26.8700008392334,23.873775482177734
2020-09-21,26.56999969482422,24.089582443237305
2020-09-22,26.959999084472656,24.359342575073242
2020-09-23,27.0,24.12554931640625
2020-09-24,26.969999313354492,24.188493728637695
2020-09-25,26.81999969482422,23.765871047973633
2020-09-28,26.670000076293945,23.343246459960938
2020-09-29,25.979999542236328,22.992557525634766
2020-09-30,25.770000457763672,22.785741806030273
2020-10-01,25.350000381469727,22.93860626220703
2020-10-02,25.399999618530273,22.614892959594727
2020-10-05,25.299999237060547,22.749771118164062
2020-10-06,25.399999618530273,22.767757415771484
2020-10-07,25.459999084472656,23.001550674438477
2020-10-08,25.440000534057617,23.05550193786621
2020-10-09,25.549999237060547,23.13642692565918
2020-10-13,25.68000030517578,23.559053421020508
2020-10-14,26.489999771118164,23.819822311401367
2020-10-15,26.360000610351562,23.586030960083008
2020-10-16,26.270000457763672,23.280303955078125
2020-10-19,26.079999923706055,22.983564376831055
2020-10-20,25.68000030517578,23.001550674438477
2020-10-21,25.510000228881836,22.785741806030273
2020-10-22,25.399999618530273,22.848682403564453
2020-10-23,25.5,23.1544132232666
2020-10-26,25.549999237060547,23.190383911132812
2020-10-27,26.15999984741211,23.41518211364746
2020-10-28,25.399999618530273,22.22823715209961
2020-10-29,24.43000030517578,21.949487686157227
2020-10-30,24.270000457763672,21.275081634521484
2020-11-03,24.190000534057617,21.481901168823242
2020-11-04,24.3799991607666,22.363117218017578
2020-11-05,25.389999389648438,22.94759750366211
2020-11-06,25.670000076293945,23.361228942871094
2020-11-09,26.3700008392334,23.595022201538086
2020-11-10,26.3700008392334,23.756879806518555
2020-11-11,26.260000228881836,23.406190872192383
2020-11-12,25.8799991607666,22.300172805786133
2020-11-13,24.770000457763672,22.22823715209961
2020-11-16,25.209999084472656,22.23723030090332
2020-11-17,24.979999542236328,22.524972915649414
2020-11-18,24.979999542236328,22.632877349853516
2020-11-19,24.989999771118164,22.22823715209961
2020-11-23,24.93000030517578,22.34513282775879
2020-11-24,24.959999084472656,22.506990432739258
2020-11-25,24.959999084472656,22.381101608276367
2020-11-26,25.010000228881836,23.109455108642578
2020-11-27,26.0,23.559053421020508
2020-11-30,25.90999984741211,22.58791732788086
2020-12-01,25.09000015258789,23.28929328918457
2020-12-02,26.360000610351562,24.368335723876953
2020-12-03,27.350000381469727,24.440271377563477
2020-12-04,27.25,23.630992889404297
2020-12-07,26.719999313354492,23.783855438232422
2020-12-08,26.3799991607666,23.613004684448242
2020-12-09,26.329999923706055,23.702924728393555
2020-12-10,26.459999084472656,23.666959762573242
2020-12-11,26.34000015258789,23.864784240722656
2020-12-14,26.6200008392334,23.71192169189453
2020-12-15,26.110000610351562,23.433168411254883
2020-12-16,26.290000915527344,23.27130889892578
2020-12-17,26.190000534057617,23.559053421020508
2020-12-18,26.260000228881836,23.999664306640625
2020-12-21,26.260000228881836,24.143535614013672
2020-12-22,26.790000915527344,24.12554931640625
2020-12-23,26.760000228881836,24.89886474609375
2020-12-28,28.06999969482422,25.204591751098633
2020-12-29,28.100000381469727,24.943822860717773
2020-12-30,26.969999313354492,23.532079696655273
2021-01-04,26.0,23.182260513305664
2021-01-05,24.799999237060547,22.265962600708008
2021-01-06,24.270000457763672,21.991077423095703
2021-01-07,23.81999969482422,21.716190338134766
2021-01-08,23.389999389648438,21.597070693969727
2021-01-11,23.65999984741211,21.642887115478516
2021-01-12,23.540000915527344,21.459627151489258
2021-01-13,23.579999923706055,21.54209327697754
2021-01-14,23.59000015258789,21.84446907043457
2021-01-15,23.510000228881836,21.826143264770508
2021-01-18,23.8799991607666,21.716190338134766
2021-01-19,23.770000457763672,21.43213653564453
2021-01-20,23.290000915527344,20.836545944213867
2021-01-21,22.440000534057617,20.268444061279297
2021-01-22,21.700000762939453,19.846948623657227
2021-01-26,21.670000076293945,19.782808303833008
2021-01-27,21.520000457763672,20.167652130126953
2021-01-28,21.75,20.195140838623047
2021-01-29,21.8799991607666,20.231792449951172
2021-02-01,21.90999984741211,19.94774055480957
2021-02-02,21.969999313354492,20.36923599243164
2021-02-03,22.329999923706055,20.277605056762695
2021-02-04,22.3700008392334,19.97522735595703
2021-02-05,21.860000610351562,20.43337631225586
2021-02-08,22.219999313354492,20.09434700012207
2021-02-09,22.020000457763672,20.65328598022461
2021-02-10,22.399999618530273,20.131000518798828
2021-02-11,22.100000381469727,20.32341957092285
2021-02-12,22.290000915527344,20.039369583129883
2021-02-17,22.06999969482422,19.856111526489258
2021-02-18,21.68000030517578,19.517080307006836
2021-02-19,21.329999923706055,19.214702606201172
2021-02-22,20.489999771118164,19.14139747619629
2021-02-23,20.899999618530273,19.03144645690918
2021-02-24,20.850000381469727,18.96730613708496
2021-02-25,20.739999771118164,18.545808792114258
2021-02-26,20.170000076293945,18.087661743164062
2021-03-01,20.110000610351562,17.895238876342773
2021-03-02,19.350000381469727,18.096824645996094
2021-03-03,19.719999313354492,18.289247512817383
2021-03-04,20.31999969482422,18.738229751586914
2021-03-05,20.520000457763672,18.48166847229004
2021-03-08,20.079999923706055,18.13347625732422
2021-03-09,19.90999984741211,18.06017303466797
2021-03-10,19.670000076293945,18.527481079101562
2021-03-11,20.350000381469727,19.16888999938965
2021-03-12,20.989999771118164,19.13223648071289
2021-03-15,21.25,19.507917404174805
2021-03-16,21.3700008392334,19.2421932220459
2021-03-17,20.950000762939453,19.874435424804688
2021-03-18,21.639999389648438,20.06686019897461
2021-03-19,21.889999389648438,20.470027923583984
2021-03-22,22.229999542236328,19.97522735595703
2021-03-23,21.799999237060547,20.103511810302734
2021-03-24,22.010000228881836,20.021045684814453
2021-03-25,21.860000610351562,20.534168243408203
2021-03-26,22.540000915527344,20.250118255615234
2021-03-29,22.030000686645508,20.103511810302734
2021-03-30,21.940000534057617,20.341747283935547
2021-03-31,22.209999084472656,20.15848731994629
2021-04-01,21.670000076293945,20.332584381103516
2021-04-05,22.209999084472656,19.920249938964844
2021-04-06,21.700000762939453,19.828622817993164
2021-04-07,21.649999618530273,19.60870933532715
2021-04-08,21.520000457763672,19.361310958862305
2021-04-09,21.059999465942383,19.471267700195312
2021-04-12,21.260000228881836,19.38880157470703
2021-04-13,21.139999389648438,19.342987060546875
2021-04-14,21.09000015258789,19.03144645690918
2021-04-15,21.149999618530273,19.077259063720703
2021-04-16,20.639999389648438,19.517080307006836
2021-04-19,21.31999969482422,19.352149963378906
2021-04-20,21.079999923706055,20.00271987915039
2021-04-22,21.93000030517578,19.636199951171875
2021-04-23,21.600000381469727,19.8102970123291
2021-04-26,21.719999313354492,19.62703514099121
2021-04-27,21.450000762939453,19.10474967956543
2021-04-28,20.950000762939453,19.31549644470215
2021-04-29,21.110000610351562,19.64536476135254
2021-04-30,21.299999237060547,19.562894821166992
2021-05-03,21.239999771118164,19.16888999938965
2021-05-04,20.93000030517578,18.802370071411133
2021-05-05,20.700000762939453,18.747392654418945
2021-05-06,20.34000015258789,18.600786209106445
2021-05-07,20.489999771118164,18.912324905395508
2021-05-10,20.780000686645508,18.829858779907227
2021-05-11,20.5,18.674091339111328
2021-05-12,20.219999313354492,18.12431526184082
2021-05-13,19.8700008392334,18.41752815246582
2021-05-14,20.25,19.013118743896484
2021-05-17,20.709999084472656,18.894001007080078
2021-05-18,20.75,18.68325424194336
2021-05-19,20.3799991607666,18.83902359008789
2021-05-20,20.479999542236328,18.875675201416016
2021-05-21,20.559999465942383,18.747392654418945
2021-05-24,20.5,18.930652618408203
2021-05-25,20.790000915527344,18.921489715576172
2021-05-26,20.65999984741211,18.78404426574707
2021-05-27,20.530000686645508,18.84818458557129
2021-05-28,20.639999389648438,18.600786209106445
2021-05-31,20.280000686645508,18.463340759277344
2021-06-01,20.270000457763672,18.509157180786133
2021-06-02,20.170000076293945,18.82069969177246
2021-06-04,20.530000686645508,18.591623306274414
2021-06-07,20.31999969482422,18.71990394592285
2021-06-08,20.510000228881836,18.619112014770508
2021-06-09,20.389999389648438,18.609949111938477
2021-06-10,20.3799991607666,18.69241714477539
2021-06-11,20.440000534057617,18.729066848754883
2021-06-14,20.469999313354492,19.45294189453125
2021-06-15,21.239999771118164,19.425453186035156
2021-06-16,21.299999237060547,19.159725189208984
2021-06-17,20.90999984741211,19.03144645690918
2021-06-18,20.799999237060547,19.25135612487793
2021-06-21,21.0,19.20553970336914
2021-06-22,21.040000915527344,19.18721580505371
2021-06-23,20.950000762939453,19.095584869384766
2021-06-24,20.950000762939453,19.30633544921875
2021-06-25,21.190000534057617,19.32465934753418
2021-06-28,21.110000610351562,19.003957748413086
2021-06-29,20.760000228881836,18.674091339111328
2021-06-30,20.530000686645508,19.03144645690918
2021-07-01,20.420000076293945,18.868146896362305
2021-07-02,20.100000381469727,19.04659080505371
2021-07-05,20.209999084472656,18.91510581970215
2021-07-06,20.110000610351562,18.623958587646484
2021-07-07,20.0,18.877538681030273
2021-07-08,19.989999771118164,18.586393356323242
2021-07-12,19.940000534057617,19.253210067749023
2021-07-13,20.280000686645508,19.225034713745117
2021-07-14,20.549999237060547,19.328346252441406
2021-07-15,20.5,18.868146896362305
2021-07-16,20.209999084472656,19.159290313720703
2021-07-19,20.149999618530273,18.89632225036621
2021-07-20,20.059999465942383,18.839969635009766
2021-07-21,20.06999969482422,18.548824310302734
2021-07-22,19.770000457763672,18.708484649658203
2021-07-23,19.920000076293945,18.539432525634766
2021-07-26,19.790000915527344,18.42673110961914
2021-07-27,19.59000015258789,18.42673110961914
2021-07-28,19.690000534057617,18.65213394165039
2021-07-29,19.829999923706055,18.407949447631836
2021-07-30,19.649999618530273,18.332813262939453
2021-08-02,19.65999984741211,18.238893508911133
2021-08-03,19.479999542236328,18.276460647583008
2021-08-04,19.389999389648438,18.144975662231445
2021-08-05,19.40999984741211,17.750518798828125
2021-08-06,18.93000030517578,17.75991439819336
2021-08-09,18.899999618530273,17.853830337524414
2021-08-10,19.030000686645508,17.788087844848633
2021-08-11,18.93000030517578,17.74112892150879
2021-08-12,18.8799991607666,17.58146858215332
2021-08-13,18.899999618530273,18.163759231567383
2021-08-16,19.260000228881836,18.126192092895508
2021-08-17,19.040000915527344,17.7974796295166
2021-08-18,19.0,17.853830337524414
2021-08-19,18.850000381469727,18.398555755615234
2021-08-20,19.549999237060547,19.28138542175293
2021-08-23,20.530000686645508,18.849361419677734
2021-08-24,20.239999771118164,18.830577850341797
2021-08-25,20.06999969482422,18.65213394165039
2021-08-26,19.780000686645508,18.73666000366211
2021-08-27,19.959999084472656,18.548824310302734
2021-08-30,19.719999313354492,18.323421478271484
2021-08-31,19.5,18.201326370239258
2021-09-01,19.420000076293945,18.098018646240234
2021-09-02,19.239999771118164,17.835044860839844
2021-09-03,19.15999984741211,17.835044860839844
2021-09-06,18.959999084472656,17.80687141418457
2021-09-08,18.979999542236328,17.19640350341797
2021-09-09,18.389999389648438,17.543901443481445
2021-09-10,18.889999389648438,17.506332397460938
2021-09-13,18.969999313354492,18.191936492919922
2021-09-14,19.450000762939453,17.947750091552734
2021-09-15,19.049999237060547,17.684778213500977
2021-09-16,18.81999969482422,17.675386428833008
2021-09-17,18.75,17.337278366088867
2021-09-20,18.299999237060547,17.327890396118164
2021-09-21,18.600000381469727,17.656600952148438
2021-09-22,19.059999465942383,18.069839477539062
2021-09-23,19.239999771118164,18.173152923583984
2021-09-24,19.239999771118164,18.558216094970703
2021-09-27,19.799999237060547,18.605175018310547
2021-09-28,19.549999237060547,18.304636001586914
2021-09-29,19.719999313354492,18.464298248291016
2021-09-30,19.799999237060547,17.994709014892578
2021-10-01,19.1299991607666,17.788087844848633
2021-10-04,18.979999542236328,17.543901443481445
2021-10-05,18.760000228881836,17.468767166137695
2021-10-06,18.440000534057617,17.403024673461914
2021-10-07,18.6200008392334,17.57207489013672
2021-10-08,18.8700008392334,17.957141876220703
2021-10-11,19.170000076293945,18.163759231567383
2021-10-13,19.329999923706055,18.595783233642578
2021-10-14,19.889999389648438,18.689701080322266
2021-10-15,19.940000534057617,18.661527633666992
2021-10-18,19.709999084472656,18.89632225036621
2021-10-19,19.950000762939453,18.454906463623047
2021-10-20,19.84000015258789,18.398555755615234
2021-10-21,19.350000381469727,17.88200569152832
2021-10-22,18.950000762939453,17.66599464416504
2021-10-25,18.90999984741211,17.57207489013672
2021-10-26,18.649999618530273,17.318496704101562
2021-10-27,18.540000915527344,17.75991439819336
2021-10-28,18.829999923706055,17.656600952148438
2021-10-29,18.84000015258789,17.140052795410156
2021-11-01,18.440000534057617,17.562685012817383
2021-11-03,18.65999984741211,18.13558578491211
2021-11-04,19.309999465942383,17.47815704345703
2021-11-05,18.760000228881836,17.722347259521484
2021-11-08,18.75,17.515724182128906
2021-11-09,18.690000534057617,17.74112892150879
2021-11-10,18.799999237060547,18.126192092895508
2021-11-11,19.5,18.642744064331055
2021-11-12,19.90999984741211,18.201326370239258
2021-11-16,19.31999969482422,17.825654983520508
2021-11-17,19.1200008392334,17.609642028808594
2021-11-18,18.75,17.543901443481445
2021-11-19,18.639999389648438,17.637819290161133
2021-11-22,18.829999923706055,17.337278366088867
2021-11-23,18.5,17.47815704345703
2021-11-24,18.690000534057617,17.49694061279297
2021-11-25,18.600000381469727,17.910181045532227
2021-11-26,18.520000457763672,17.684778213500977
2021-11-29,18.84000015258789,17.722347259521484
2021-11-30,18.639999389648438,17.59086036682129
2021-12-01,18.850000381469727,17.66599464416504
2021-12-02,19.0,18.633350372314453
2021-12-03,19.940000534057617,18.398555755615234
2021-12-06,19.969999313354492,18.783620834350586
2021-12-07,20.010000228881836,18.454906463623047
2021-12-08,19.559999465942383,18.755441665649414
2021-12-09,19.850000381469727,18.126192092895508
2021-12-10,19.40999984741211,18.04166603088379
2021-12-13,19.190000534057617,17.928964614868164
2021-12-14,19.100000381469727,17.919572830200195
2021-12-15,19.200000762939453,18.032276153564453
2021-12-16,19.209999084472656,17.835044860839844
2021-12-17,18.940000534057617,18.004098892211914
2021-12-20,19.1200008392334,17.844438552856445
2021-12-21,19.100000381469727,17.769304275512695
2021-12-22,19.0,17.778696060180664
2021-12-23,19.010000228881836,17.74112892150879
2021-12-27,18.989999771118164,17.88200569152832
2021-12-28,19.079999923706055,18.088624954223633
2021-12-29,19.190000534057617,17.957141876220703
2021-12-30,19.190000534057617,17.957141876220703
2022-01-03,18.860000610351562,17.584623336791992
2022-01-04,18.15999984741211,17.38116455078125
2022-01-05,17.950000762939453,17.323034286499023
2022-01-06,17.84000015258789,16.741724014282227
2022-01-07,17.290000915527344,16.9742488861084
2022-01-10,17.420000076293945,16.693281173706055
2022-01-11,17.170000076293945,16.819232940673828
2022-01-12,17.260000228881836,17.17770767211914
2022-01-13,17.719999313354492,17.17770767211914
2022-01-14,17.729999542236328,17.19708251953125
2022-01-17,17.600000381469727,17.390853881835938
2022-01-18,17.959999084472656,17.33272361755371
2022-01-19,17.770000457763672,17.613689422607422
2022-01-20,18.25,18.301570892333984
2022-01-21,18.75,18.069049835205078
2022-01-24,18.739999771118164,18.39845848083496
2022-01-25,18.75,18.50503158569336
2022-01-26,19.18000030517578,18.70848846435547
2022-01-27,19.309999465942383,18.86350440979004
2022-01-28,19.489999771118164,18.94101333618164
2022-01-31,19.530000686645508,19.599830627441406
2022-02-01,20.049999237060547,19.212291717529297
2022-02-02,19.860000610351562,19.07665252685547
2022-02-03,19.6200008392334,19.338239669799805
2022-02-04,20.020000457763672,19.241357803344727
2022-02-07,19.860000610351562,19.28011131286621
2022-02-08,19.68000030517578,19.22197914123535
2022-02-09,19.670000076293945,19.12509536743164
2022-02-10,19.860000610351562,19.1057186126709
2022-02-11,19.84000015258789,19.241357803344727
2022-02-14,19.860000610351562,18.92163848876953
2022-02-15,19.639999389648438,19.163848876953125
2022-02-16,19.829999923706055,19.192913055419922
2022-02-17,19.889999389648438,19.066965103149414
2022-02-18,19.690000534057617,19.328554153442383
2022-02-21,19.700000762939453,19.134782791137695
2022-02-22,19.850000381469727,19.192913055419922
2022-02-23,19.809999465942383,19.667648315429688
2022-02-24,19.940000534057617,19.483570098876953
2022-02-25,19.809999465942383,19.2898006439209
2022-03-02,20.010000228881836,19.396373748779297
2022-03-03,20.059999465942383,19.871109008789062
2022-03-04,20.450000762939453,19.832355499267578
2022-03-07,20.34000015258789,19.338239669799805
2022-03-08,19.920000076293945,19.008832931518555
2022-03-09,19.65999984741211,19.667648315429688
2022-03-10,20.059999465942383,19.54170036315918
2022-03-11,20.219999313354492,19.192913055419922
2022-03-14,19.93000030517578,18.950702667236328
2022-03-15,19.600000381469727,18.960390090942383
2022-03-16,19.719999313354492,19.192913055419922
2022-03-17,19.850000381469727,19.28011131286621
2022-03-18,19.889999389648438,19.241357803344727
2022-03-21,19.989999771118164,19.260732650756836
2022-03-22,19.920000076293945,19.338239669799805
2022-03-23,19.979999542236328,19.716093063354492
2022-03-24,20.420000076293945,19.72578239440918
2022-03-25,20.3700008392334,19.69671630859375
2022-03-28,20.40999984741211,19.82266616821289
2022-03-29,20.520000457763672,20.132699966430664
2022-03-30,20.790000915527344,19.812978744506836
2022-03-31,20.440000534057617,19.735471725463867
2022-04-01,20.510000228881836,20.00674819946289
2022-04-04,20.639999389648438,19.657962799072266
2022-04-05,20.25,19.638586044311523
2022-04-06,20.229999542236328,19.61920928955078
2022-04-07,20.190000534057617,19.64827537536621
2022-04-08,20.229999542236328,20.11332130432129
2022-04-11,20.690000534057617,20.181142807006836
2022-04-12,20.93000030517578,19.861419677734375
2022-04-13,20.520000457763672,19.977684020996094
2022-04-14,20.639999389648438,19.812978744506836
2022-04-18,20.469999313354492,19.706403732299805
2022-04-19,20.290000915527344,19.22197914123535
2022-04-20,19.809999465942383,19.309175491333008
2022-04-22,19.739999771118164,19.173538208007812
2022-04-25,19.700000762939453,19.376995086669922
2022-04-26,19.8799991607666,19.328554153442383
2022-04-27,20.170000076293945,19.43512725830078
2022-04-28,20.110000610351562,19.735471725463867
2022-04-29,20.3700008392334,19.210081100463867
2022-05-02,19.8799991607666,18.908859252929688
2022-05-03,19.540000915527344,18.986595153808594
2022-05-04,19.420000076293945,19.112913131713867
2022-05-05,19.549999237060547,18.695091247558594
2022-05-06,19.229999542236328,18.656225204467773
2022-05-09,19.06999969482422,18.733959197998047
2022-05-10,19.350000381469727,19.151779174804688
2022-05-11,19.75,19.268381118774414
2022-05-12,19.75,19.268381118774414
2022-05-13,19.889999389648438,19.210081100463867
2022-05-16,19.700000762939453,19.122629165649414
2022-05-17,19.6299991607666,19.414133071899414
2022-05-18,19.950000762939453,19.229515075683594
2022-05-19,19.860000610351562,19.28781509399414
2022-05-20,20.0,19.239229202270508
2022-05-23,19.860000610351562,19.482149124145508
2022-05-24,20.0,19.87082290649414
2022-05-25,20.389999389648438,19.977705001831055
2022-05-26,20.559999465942383,19.890254974365234
2022-05-27,20.40999984741211,19.76393699645996
2022-05-30,20.43000030517578,19.52101707458496
2022-05-31,20.15999984741211,19.462717056274414
2022-06-01,20.100000381469727,19.589035034179688
2022-06-02,20.25,20.065156936645508
2022-06-03,20.600000381469727,19.42384910583496
2022-06-06,20.020000457763672,19.38498306274414
2022-06-07,19.8799991607666,19.346115112304688
2022-06-08,19.809999465942383,19.219797134399414
2022-06-09,19.790000915527344,18.976879119873047
2022-06-10,19.280000686645508,18.792259216308594
2022-06-13,19.110000610351562,18.71452522277832
2022-06-14,19.270000457763672,18.432737350463867
2022-06-15,19.100000381469727,18.529905319213867
2022-06-17,18.799999237060547,18.81169319152832
2022-06-20,18.920000076293945,18.141233444213867
2022-06-21,18.760000228881836,17.762279510498047
2022-06-22,18.31999969482422,18.005199432373047
2022-06-23,18.56999969482422,17.908031463623047
2022-06-24,18.639999389648438,18.2384033203125
2022-06-27,18.790000915527344,18.27726936340332
2022-06-28,18.84000015258789,17.9954833984375
2022-06-29,18.6299991607666,17.88859748840332
2022-06-30,18.3799991607666,17.723411560058594
2022-07-01,18.18000030517578,18.299999237060547
2022-07-04,18.25,17.93000030517578
2022-07-05,17.8700008392334,17.68000030517578
2022-07-06,17.649999618530273,17.860000610351562
2022-07-07,17.950000762939453,17.700000762939453
2022-07-08,17.700000762939453,17.700000762939453
2022-07-11,17.6200008392334,17.739999771118164
2022-07-12,17.700000762939453,17.90999984741211
2022-07-13,17.809999465942383,17.920000076293945
2022-07-14,17.81999969482422,17.8700008392334
2022-07-15,17.799999237060547,17.770000457763672
2022-07-18,17.770000457763672,17.360000610351562
2022-07-19,17.450000762939453,17.729999542236328
2022-07-20,17.690000534057617,17.899999618530273
2022-07-21,17.809999465942383,17.790000915527344
2022-07-22,17.799999237060547,17.899999618530273
2022-07-25,17.969999313354492,18.100000381469727
2022-07-26,18.100000381469727,18.100000381469727
2022-07-27,18.1299991607666,18.389999389648438
2022-07-28,18.43000030517578,18.34000015258789
2022-07-29,18.34000015258789,18.520000457763672
2022-08-01,18.479999542236328,18.450000762939453
2022-08-02,18.450000762939453,18.56999969482422
2022-08-03,18.579999923706055,19.139999389648438
2022-08-04,19.229999542236328,19.329999923706055
2022-08-05,19.0,18.399999618530273
2022-08-08,18.549999237060547,18.06999969482422
2022-08-09,18.170000076293945,17.709999084472656
2022-08-10,17.899999618530273,18.110000610351562
2022-08-11,18.149999618530273,17.790000915527344
2022-08-12,17.790000915527344,18.010000228881836
2022-08-15,17.899999618530273,18.299999237060547
2022-08-16,18.3700008392334,18.329999923706055
2022-08-17,18.389999389648438,18.559999465942383
2022-08-18,18.559999465942383,18.6200008392334
2022-08-19,18.549999237060547,18.399999618530273
2022-08-22,18.350000381469727,18.219999313354492
2022-08-23,18.219999313354492,18.079999923706055
2022-08-24,18.100000381469727,17.899999618530273
2022-08-25,17.959999084472656,17.639999389648438
2022-08-26,17.639999389648438,17.549999237060547
2022-08-29,17.489999771118164,17.739999771118164
2022-08-30,17.739999771118164,17.239999771118164
2022-08-31,17.350000381469727,17.309999465942383
2022-09-01,17.299999237060547,17.3700008392334
2022-09-02,17.489999771118164,17.450000762939453
2022-09-05,17.5,17.450000762939453
2022-09-06,17.389999389648438,17.200000762939453
2022-09-08,17.34000015258789,17.34000015258789
2022-09-09,17.40999984741211,17.510000228881836
2022-09-12,17.68000030517578,17.549999237060547
2022-09-13,17.510000228881836,17.350000381469727
2022-09-14,17.360000610351562,17.18000030517578
2022-09-15,17.229999542236328,17.299999237060547
2022-09-16,17.25,17.280000686645508
2022-09-19,17.25,17.299999237060547
2022-09-20,17.309999465942383,17.350000381469727
2022-09-21,17.31999969482422,17.389999389648438
2022-09-22,17.559999465942383,17.940000534057617
2022-09-23,17.850000381469727,18.020000457763672
2022-09-26,17.979999542236328,17.469999313354492
2022-09-27,17.309999465942383,17.270000457763672
2022-09-28,17.280000686645508,17.110000610351562
2022-09-29,17.100000381469727,16.920000076293945
2022-09-30,16.920000076293945,17.149999618530273
2022-10-03,17.200000762939453,18.420000076293945
2022-10-04,18.399999618530273,18.010000228881836
2022-10-05,18.040000915527344,17.889999389648438
2022-10-06,17.979999542236328,17.780000686645508
2022-10-07,17.93000030517578,17.81999969482422
